Student_ID,UnixTime_mean,UnixTime_std,UnixTime_min,UnixTime_max,Row_mean,Row_std,Row_min,Row_max,ET_GazeLeftx_mean,ET_GazeLeftx_std,ET_GazeLeftx_min,ET_GazeLeftx_max,ET_GazeLefty_mean,ET_GazeLefty_std,ET_GazeLefty_min,ET_GazeLefty_max,ET_GazeRightx_mean,ET_GazeRightx_std,ET_GazeRightx_min,ET_GazeRightx_max,ET_GazeRighty_mean,ET_GazeRighty_std,ET_GazeRighty_min,ET_GazeRighty_max,ET_PupilLeft_mean,ET_PupilLeft_std,ET_PupilLeft_min,ET_PupilLeft_max,ET_PupilRight_mean,ET_PupilRight_std,ET_PupilRight_min,ET_PupilRight_max,ET_TimeSignal_mean,ET_TimeSignal_std,ET_TimeSignal_min,ET_TimeSignal_max,ET_DistanceLeft_mean,ET_DistanceLeft_std,ET_DistanceLeft_min,ET_DistanceLeft_max,ET_DistanceRight_mean,ET_DistanceRight_std,ET_DistanceRight_min,ET_DistanceRight_max,ET_CameraLeftX_mean,ET_CameraLeftX_std,ET_CameraLeftX_min,ET_CameraLeftX_max,ET_CameraLeftY_mean,ET_CameraLeftY_std,ET_CameraLeftY_min,ET_CameraLeftY_max,ET_CameraRightX_mean,ET_CameraRightX_std,ET_CameraRightX_min,ET_CameraRightX_max,ET_CameraRightY_mean,ET_CameraRightY_std,ET_CameraRightY_min,ET_CameraRightY_max,ET_ValidityLeft_mean,ET_ValidityLeft_std,ET_ValidityLeft_min,ET_ValidityLeft_max,ET_ValidityRight_mean,ET_ValidityRight_std,ET_ValidityRight_min,ET_ValidityRight_max
1,1680003517.1742692,214.86609062487312,1680003145.0289032,1680003889.243748,44664.0,25786.628085114193,1,89327,807.1400535136527,493.28009134340704,-1.0,1821.0,454.13185853587544,263.6851895529471,-1.0,1080.0,849.4225227544978,471.2910444858645,-1.0,1827.0,484.65834107676636,253.9840807446312,-1.0,1079.0,0.05040832094513425,1.7610247340913299,-1.0,4.3318939208984375,0.16525796734998308,1.8595230789454902,-1.0,4.150405883789063,372182.61626606813,214856.4784301171,41.38800000003539,744248.8229999999,506.6306191452906,196.4580593819389,-1.0,603.6480712890625,519.1909384399863,175.23490234687648,-1.0,609.576904296875,0.3909504087438415,0.5382247715385644,-1.0,0.6260721683502197,0.2950946573914282,0.5010839552840648,-1.0,0.5052914023399353,0.29285967908664107,0.4354571631554063,-1.0,0.4662853181362152,0.33520716454347416,0.44965443167888997,-1.0,0.5071010589599609,0.5208065112009225,1.346108059816396,0.0,4.0,0.4074202612988816,1.2098372463033742,0.0,4.0
2,1676984992.2304103,257.05848185089314,1676984547.0160325,1676985437.380375,53435.0,30850.567296242705,1,106869,778.8192953726665,500.34265893056283,-1.0,1918.0,421.07037851494874,232.41619015027464,-1.0,1075.0,791.0875029242502,475.7953261854693,-1.0,1915.0,449.72269686052493,227.15600774093517,-1.0,1077.0,0.17113802754616295,1.8869313932549887,-1.0,3.9420013427734375,0.258316603328473,1.8988564269309065,-1.0,4.0721282958984375,445230.05005301075,257048.86673519426,16.64199999999255,890377.4159999999,550.6738378863986,201.1758024967273,-1.0,650.736572265625,568.8369499848008,171.8321523477378,-1.0,650.7225341796875,0.37503418427248125,0.5012782771318439,-1.0,0.692952275276184,0.34470724207257397,0.49008181448397187,-1.0,0.5467666983604431,0.29461086598465774,0.3900705505640005,-1.0,0.5380541682243347,0.3888675783938587,0.4182314498358068,-1.0,0.5468478202819824,0.4689280868385346,1.2867922487197803,0.0,4.0,0.3324568380667197,1.1042242584350086,0.0,4.0
3,1678717418.9027953,395.4724105587312,1678716734.0130155,1678718103.8632145,82207.0,47462.08924148479,1,164413,935.7058494364663,475.1298540941965,-1.0,1860.0,484.805953445371,242.957039464256,-1.0,1080.0,951.8481165872914,475.548486923165,-1.0,1851.0,510.15139073894983,241.02069203873532,-1.0,1080.0,0.5182279425035872,2.2558735784278983,-1.0,4.907073974609375,0.42190595526979163,2.1284890974511965,-1.0,5.085418701171875,684908.0056804251,395462.79622800107,25.038000000000466,1369865.744,579.4471860660939,154.14861025834236,-1.0,652.0732421875,583.3468660353767,145.295686243314,-1.0,636.0145263671875,0.4679839303323266,0.38977556888613796,-1.0,0.6154252886772155,0.35603735548444426,0.3600042302752595,-1.0,0.4660038948059082,0.338231613282701,0.33270100975218275,-1.0,0.474436342716217,0.3688812953001585,0.3402635037025058,-1.0,0.4805791974067688,0.2633432476324289,0.9919825148174056,0.0,4.0,0.23273665066997548,0.9363682967012769,0.0,4.0
4,1676379208.1049006,265.0556628880953,1676378749.030006,1676379667.1583045,55096.5,31809.834768511453,1,110192,617.8395288053146,547.9993167097625,-1.0,1909.0,315.8495389697608,275.1284321445634,-1.0,1080.0,593.0725759610847,542.2836485870923,-1.0,1920.0,326.1250771408865,288.52547674499976,-1.0,1080.0,-0.019453022602651974,1.7427291448349147,-1.0,4.884307861328125,-0.0641137260652763,1.655883406705738,-1.0,4.79998779296875,459104.3265930773,265046.04639620654,33.312000000005355,918153.639,508.27424412062413,349.12467209869624,-1.0,813.6182861328125,476.31820764152843,343.070327633376,-1.0,790.4943237304686,0.027590306797142094,0.704325242898884,-1.0,0.552565574645996,0.0009098580737215562,0.6860037347853868,-1.0,0.4988256990909576,-0.09605993113617467,0.6496148213675974,-1.0,0.4075223803520202,-0.03062108764507751,0.6965883026638741,-1.0,0.4958084225654602,1.2783606200312194,1.8652796522312138,0.0,4.0,1.362072094964969,1.895542296181236,0.0,4.0
5,1676462788.3090866,367.96065135233846,1676462151.0248604,1676463425.5541687,76490.0,44161.3777525113,1,152979,815.7839058669717,492.72165064918494,-1.0,1920.0,465.84326850792615,255.98967767687438,-1.0,1080.0,821.8666252655663,509.97711862649646,-1.0,1920.0,460.0675992809283,258.28460193480845,-1.0,1080.0,0.39956135801716475,2.128267808653405,-1.0,4.478607177734375,0.3837894209905239,2.1218842540706895,-1.0,4.34942626953125,637308.9946058834,367951.03537580266,24.97500000000582,1274553.743,585.8832155937672,191.97086925234086,-1.0,681.206298828125,571.0039402854534,206.36214556716098,-1.0,685.3875122070312,0.41697925747385756,0.46293428988905216,-1.0,0.6832742691040039,0.37241551032134923,0.44832129398451326,-1.0,0.5523245334625244,0.2508812889058833,0.4508332922445665,-1.0,0.5061919689178466,0.33847107894008777,0.48203777328202946,-1.0,0.5538021326065063,0.3845857166203628,1.179171650956356,0.0,4.0,0.45834940349730346,1.2740973471442514,0.0,4.0
6,1679143347.186376,392.25102055716815,1679142668.031996,1679144043.4652796,81513.5,47061.69682979992,1,163026,209.1488694777392,498.58238075979835,-1.0,1920.0,99.04689551103532,234.27944211286962,-1.0,1080.0,520.5223405429942,572.2320013308985,-1.0,1919.0,292.60688127982723,321.08739386913385,-1.0,1080.0,-0.6413529391108052,1.2021719830097355,-1.0,4.4130706787109375,0.18890137229054854,2.183119210724814,-1.0,5.263931274414063,679187.9043434873,392241.0412303584,41.69399999998859,1368300.802,133.1202400829863,281.3321982599165,-1.0,790.134033203125,403.67730082198005,358.6782308429528,-1.0,788.7889404296875,-0.7114594733253568,0.6051267522031346,-1.0,0.6586223840713501,-0.7255987199612591,0.575423701033055,-1.0,0.5746090412139891,-0.20446809104588543,0.7046408420864793,-1.0,0.543778657913208,-0.17426503312066943,0.7313103217402548,-1.0,0.5984417200088501,3.2588975721068323,1.55408870984868,0.0,4.0,1.7582657555421968,1.9853434799349385,0.0,4.0
7,1675688252.888277,313.45099704286764,1675687710.0279956,1675688795.765865,65155.5,37617.40112634045,1,130310,788.0658373367305,548.3899629124924,-1.0,1919.0,443.86269243166083,284.66079352645045,-1.0,1080.0,799.2811689408009,549.646150151735,-1.0,1919.0,447.9399260202907,289.6021766865757,-1.0,1080.0,0.06943019230916524,1.7930074834984828,-1.0,4.188522338867188,0.09502864930916369,1.823731001035122,-1.0,4.3327178955078125,542892.7124604775,313441.3806688594,33.33900000000722,1085766.885,539.6469114267084,259.3066053249261,-1.0,695.467041015625,540.6939203090983,252.80835469996103,-1.0,688.8453979492188,0.2612731234072823,0.6049073800645104,-1.0,0.60530287027359,0.21118717570984635,0.5808283356157894,-1.0,0.5139142274856567,0.15859053680799345,0.5406839041577627,-1.0,0.4927379488945007,0.2235853820773896,0.5709518451162369,-1.0,0.5131693482398986,0.7478397003975258,1.5595234043564161,0.0,4.0,0.7151781191963532,1.532726578138756,0.0,4.0
8,1675427468.8913286,189.33401341461058,1675427141.0319338,1675427796.7377317,39358.0,22723.207556739577,1,78715,818.3377291611083,463.4140101455438,-1.0,1919.0,450.7160371485561,247.6410860710031,-1.0,1080.0,784.57055557673,431.25424800821514,-1.0,1920.0,480.26876802479956,255.47589566149088,-1.0,1080.0,0.5639290348066597,2.451451146785106,-1.0,5.8504791259765625,0.5892474423159267,2.406476011041236,-1.0,6.277389526367188,327894.7178034455,189324.4049121069,41.5509999999922,655736.506,590.3398339547224,208.25156932479632,-1.0,720.3094482421875,603.3270230855524,189.3838462170937,-1.0,1669.192626953125,0.38435549815974396,0.4873756651787347,-1.0,0.6091888546943665,0.3537663505373178,0.47659191704512016,-1.0,0.5815433859825134,0.2712985513838398,0.39821743327879294,-1.0,0.6046169400215148,0.3843962913484971,0.4335966826385571,-1.0,0.5997061729431152,0.4410057044123439,1.252819510974792,0.0,4.0,0.3572562920049294,1.1407934273420668,0.0,4.0
9,1676375293.0552673,332.60360955767317,1676374717.027004,1676375869.1193695,69137.5,39916.40989826949,1,138274,841.9718738699646,476.83063656890954,-1.0,1913.0,469.1646995009763,243.22217962942395,-1.0,1080.0,867.2645186953063,464.22793865208996,-1.0,1906.0,499.4579807622767,241.85067726030258,-1.0,1080.0,0.16973296176708727,1.8603569202110175,-1.0,4.311279296875,0.24720859186866756,1.9411033313846693,-1.0,4.1601104736328125,576057.3476819268,332593.9929569069,33.30199999999604,1152114.83,537.9813030414798,169.7251389814512,-1.0,664.5645751953125,538.9315894847166,159.85243841923997,-1.0,670.6864624023438,0.40405507745979546,0.44044538470659483,-1.0,0.6383234858512878,0.41997948508506794,0.4453900095382768,-1.0,0.6018903255462646,0.2828697229154613,0.378002321963658,-1.0,0.5032655000686646,0.44391989211306065,0.4253402204085008,-1.0,0.6031949520111084,0.35805308454473134,1.141936844923449,0.0,4.0,0.3191726332537788,1.0838947641794636,0.0,4.0
10,1677153688.0631738,295.05775815162275,1677153177.0280051,1677154199.0627944,61332.5,35410.19104721125,1,122664,792.9321946844938,511.1187626129727,-1.0,1918.0,473.6784118702103,282.0901904034938,-1.0,1080.0,827.2733490950595,476.55466231934156,-1.0,1917.0,490.4821702266428,247.23588894795733,-1.0,1080.0,0.009678752282772565,1.8308414269522635,-1.0,4.748321533203125,0.48354793270552077,2.230134092757618,-1.0,4.722381591796875,511071.14112877054,295048.14261014864,41.668999999994405,1022067.025,552.7509596631361,215.88453214280196,-1.0,783.1778564453125,576.9599672305998,183.09373375697166,-1.0,742.0172119140625,0.39193201138803935,0.5418078094713928,-1.0,0.6630927324295043,0.2961665595178404,0.5045571028936434,-1.0,0.6400166153907775,0.31718922635139774,0.41647564772759416,-1.0,0.5375422239303588,0.3594640091583971,0.42984960072841605,-1.0,0.5832955837249755,0.5261699005380728,1.35197623484957,0.0,4.0,0.3633784444806783,1.1495567221918779,0.0,4.0
11,1676894270.5494912,331.1366272036005,1676893697.0385537,1676894844.0458355,68831.5,39739.74071589631,1,137662,807.6602740124075,532.2097568851162,-1.0,1907.0,470.47943454067325,289.1432556700816,-1.0,1080.0,834.6482078774935,505.4674155087001,-1.0,1919.0,476.3999476964652,264.13283443630024,-1.0,1079.0,0.10960578306034872,1.9399330214643877,-1.0,5.236831665039063,0.0998480869597983,1.8060733214490319,-1.0,4.225112915039063,573573.90403415,331127.01235879667,66.59199999998964,1147064.11,434.28149186917614,205.44215389597105,-1.0,590.031005859375,447.42184168113084,181.59465147003633,-1.0,578.2030639648438,0.27823795134694146,0.6029940260758075,-1.0,0.646375298500061,0.2285405012469038,0.5795471002050212,-1.0,0.5228410959243774,0.18118864791303113,0.47797817900923834,-1.0,0.4636733531951904,0.2857955267148462,0.5203081996921349,-1.0,0.5284309387207031,0.727919917476645,1.5433177139401055,0.0,4.0,0.5626116898400384,1.390657720150779,0.0,4.0
12,1675773423.9016979,269.1001164766661,1675772958.0439465,1675773890.001644,55953.0,32304.335274077377,1,111905,651.4296655079044,520.4145453521165,-1.0,1863.0,395.4586732915702,299.6524467883925,-1.0,1080.0,676.2453776105665,545.9942742960241,-1.0,1914.0,400.18647733264226,319.1664472536243,-1.0,1079.0,-0.16699185873671432,1.5197863245307468,-1.0,3.853195190429688,-0.298067591068701,1.3953208308634302,-1.0,4.173141479492188,465905.12686780276,269090.5090303691,50.05900000000838,932001.399,401.1390472029484,233.3219649636884,-1.0,699.5588989257812,386.7974255324622,244.66466893272232,-1.0,708.9127197265625,0.16989791329947332,0.6781663302634018,-1.0,0.9732080698013305,0.16401213706628984,0.6744107688656811,-1.0,0.7132742404937744,0.016339818589081248,0.6407343519676051,-1.0,0.8167613744735717,0.113469471240689,0.7016436528951401,-1.0,0.7252440452575682,1.0048882494347682,1.7348716092820624,0.0,4.0,1.1365045888776686,1.8039968841044884,0.0,4.0
13,1676638005.4377446,349.5404055863683,1676637400.0331976,1676638610.835919,72657.5,41948.682845829615,1,145314,810.4746610694377,465.28430569507015,-1.0,1910.0,492.3273966003716,244.10123346637192,-1.0,1069.0,797.4170807239694,450.5005193656321,-1.0,1862.0,519.1608285733948,241.09591955140615,-1.0,1076.0,0.4232446805074402,2.1604113440204746,-1.0,4.3937835693359375,0.36227763635836074,2.012198501059801,-1.0,4.2098388671875,605442.8273844538,349530.78752852924,41.65699999999924,1210836.469,592.2622876231943,177.99285429317897,-1.0,688.8819580078125,600.4314374566021,155.38505852161921,-1.0,658.9908447265625,0.4386796966352004,0.43158055653080374,-1.0,0.6151657700538635,0.36717160588043063,0.41008149950976885,-1.0,0.515185534954071,0.333040218657304,0.34439565593778176,-1.0,0.4708694517612457,0.38661112138408893,0.3581428619738518,-1.0,0.503784954547882,0.33002546280366113,1.100542311931242,0.0,4.0,0.2500034409194137,0.9682553873117519,0.0,4.0
14,1676809047.9357276,336.5468818275743,1676808465.027,1676809630.7788825,69960.5,40391.56916981562,1,139920,354.01814660224704,562.8366167826343,-1.0,1920.0,141.34076874696245,241.31585987388866,-1.0,1080.0,156.5134294862632,398.98178303529147,-1.0,1920.0,51.38245089911089,150.82111739850836,-1.0,1080.0,-0.9932251738869424,0.16787050457193042,-1.0,4.19970703125,-0.9894383432471243,0.2102030362452707,-1.0,4.2482452392578125,582936.09640718,336537.26556886063,33.278000000020256,1165772.665,217.20274708312536,309.00143082787605,-1.0,722.6888427734375,103.20472348498734,237.6985467913076,-1.0,708.0271606445312,-0.4903058248005654,0.721446693771579,-1.0,0.6212707161903381,-0.502864039942327,0.7036426662685262,-1.0,0.5174798369407653,-0.7762669349531935,0.5100568728502953,-1.0,0.4758122563362121,-0.7594502481713061,0.548375076642288,-1.0,0.5172587037086486,2.66811515480717,1.8851120758064195,0.0,4.0,3.3544984133337143,1.4715126653712653,0.0,4.0
15,1679398718.9301481,225.14832923730097,1679398329.0239997,1679399108.8059976,46802.5,27021.291635794663,1,93604,814.9228098290598,493.4780923914014,-1.0,1910.0,514.2975,278.95102271085625,-1.0,1075.0,804.0434081196581,493.6228868963099,-1.0,1892.0,482.43643162393164,273.0915644865713,-1.0,1077.0,0.48078466676239273,2.2859666601301454,-1.0,5.130706787109375,0.4089856361323952,2.2785246651326063,-1.0,5.3305511474609375,389934.2984626175,225138.71776163747,33.32699999999022,779809.978,565.541150103838,201.0158338217421,-1.0,772.9039916992188,557.1373342171694,209.4178922078199,-1.0,750.0615234375,0.39504018467301744,0.4937397017759445,-1.0,0.6420444250106812,0.28668392774354445,0.45540482858817805,-1.0,0.5264267921447753,0.25042478816504155,0.46810956766657946,-1.0,0.5414744615554808,0.27306208536156223,0.4765366293173818,-1.0,0.5166566967964172,0.44504273504273506,1.2578254279512227,0.0,4.0,0.49141025641025643,1.3130785986418871,0.0,4.0
16,1677840709.4368348,227.14705313239688,1677840316.0244367,1677841102.842831,47216.5,27260.314647242547,1,94432,915.3717965010378,461.76198177492427,-1.0,1917.0,550.1815563180412,245.94283024619463,-1.0,1080.0,951.7650167323252,456.86794248299464,-1.0,1893.0,538.7676218918117,233.37996820193408,-1.0,1080.0,0.6319434535636196,2.4074030849821404,-1.0,5.11224365234375,0.6865969035890771,2.4647100578791266,-1.0,5.251480102539063,393437.8024196108,227137.4368459419,33.76999999998952,786838.2169999998,631.2473544251153,155.82557007086336,-1.0,785.006591796875,637.8636929257557,143.23955826974512,-1.0,788.74267578125,0.5253994833707517,0.3745582405033733,-1.0,0.7297686338424682,0.415906863047623,0.34770856587938864,-1.0,0.6191394329071044,0.4112099346136251,0.31501555505401796,-1.0,0.6005109548568724,0.42701380392280486,0.31858354734378436,-1.0,0.6396334171295166,0.22717837929427712,0.9258037470474825,0.0,4.0,0.18947769729317576,0.8497156216128333,0.0,4.0
17,1676289478.627988,273.4452337177557,1676289005.0219998,1676289952.230605,56839.5,32816.15628771901,1,113678,877.485511198691,468.7840175207188,-1.0,1898.0,537.4644245825782,254.2568259377683,-1.0,1080.0,891.2835476890054,469.0423698196172,-1.0,1919.0,509.04800570051196,251.1877890141965,-1.0,1080.0,0.4298899858785715,2.1572642757970084,-1.0,5.4930419921875,0.3819258002423426,2.038435368313065,-1.0,4.9571380615234375,473631.54739210376,273435.6159662402,33.32100000002538,947226.778,632.0076159637256,167.40214577359296,-1.0,739.6964721679686,629.6697399856812,174.76369152368375,-1.0,740.8380737304686,0.4572054902381816,0.38513066673379787,-1.0,0.6327143311500549,0.44338329880525174,0.38144436964823447,-1.0,0.5883353352546691,0.3122178183422406,0.36342000003908104,-1.0,0.48006272315979,0.4225793660029441,0.3938621614698441,-1.0,0.5746074914932251,0.2609567711174059,0.9877941241577199,0.0,4.0,0.28467371606523917,1.0284284340751855,0.0,4.0
18,1677069471.1532052,348.77865398927815,1677068867.0153012,1677070075.2719924,72555.0,41889.50444323733,1,145109,509.2359394920919,581.1692604816998,-1.0,1920.0,299.04910926570415,333.43038930569736,-1.0,1080.0,509.61203266600046,576.6624005637946,-1.0,1916.0,310.01166052169117,337.832045408764,-1.0,1080.0,-0.9984755823537536,0.07521927229142066,-1.0,3.322662353515625,-0.9960863585229096,0.11496608740244361,-1.0,4.118133544921875,604167.4669130768,348769.0404127546,33.28200000000652,1208284.8739999998,297.68828179765705,282.4117759468945,-1.0,790.5108642578125,301.0004320843618,284.24503493873885,-1.0,792.2044067382812,-0.1570142302454054,0.7951430450955257,-1.0,0.8973352909088134,-0.21617448191557978,0.7386898389107299,-1.0,0.6864168643951416,-0.23286945341719548,0.7200155971167206,-1.0,0.7350568175315856,-0.21167888473229646,0.7393350012683503,-1.0,0.6881996393203735,1.8802935805106646,1.9964212583559298,0.0,4.0,1.87023190103718,1.9957924969485417,0.0,4.0
19,1676466211.9609275,366.02814779079415,1676465578.0150175,1676466845.887683,76085.5,43927.83956862285,1,152170,830.1440203462008,501.68086042309244,-1.0,1918.0,445.0563792174336,235.79529590478066,-1.0,1079.0,882.1353850400221,474.6206489929008,-1.0,1918.0,500.3213792831513,237.78802623003432,-1.0,1080.0,0.21674794611641235,1.9478633764319138,-1.0,4.52215576171875,0.34528080412399637,2.0121265740586955,-1.0,3.987701416015625,633966.4483828386,366018.5256028919,25.023000000001048,1267891.274,578.9992749733722,214.5589142944163,-1.0,693.5891723632812,606.4671661343662,171.62928442516775,-1.0,688.5166015625,0.422245957924957,0.5260013818207523,-1.0,0.660286009311676,0.31808966199329797,0.4872250556087769,-1.0,0.5273801088333129,0.37095808309992645,0.38726993022539624,-1.0,0.5227771997451782,0.37579796917857666,0.38816195424910105,-1.0,0.5147405862808228,0.48073814124048736,1.3007130825037965,0.0,4.0,0.294835902895522,1.0451902128790393,0.0,4.0
20,1675151168.7502952,176.53738240590732,1675150863.015998,1675151474.508068,36698.5,21187.74451579655,1,73396,833.6689284935687,486.3371650916622,-1.0,1920.0,442.4226073686505,262.42080415601623,-1.0,1080.0,859.2682444953128,481.36828399376657,-1.0,1920.0,460.52265914541096,259.40999064284745,-1.0,1077.0,0.3143223913661374,2.058093113779257,-1.0,4.391281127929688,0.2254147476585493,2.0072478917949304,-1.0,4.31707763671875,305760.69485736865,176527.7677480349,33.3240000000078,611510.144,581.0805476246666,215.19489984672842,-1.0,680.9310913085938,589.2691179944561,201.14570545659427,-1.0,675.2333984375,0.37431026301532494,0.5079714817815879,-1.0,0.5890882015228271,0.3400854972896296,0.49530655249900046,-1.0,0.5369736552238464,0.2717323417190389,0.4332702455324136,-1.0,0.4462217986583709,0.37095348393462935,0.4670420315537369,-1.0,0.5446850061416626,0.4807063440156965,1.300680528812734,0.0,4.0,0.4159036407237846,1.2209254831683805,0.0,4.0
21,1676633608.2204685,426.21069712084653,1676632870.015004,1676634346.312632,88597.5,51151.64613675693,1,177194,630.4400981996727,571.758822279794,-1.0,1920.0,363.14992945425814,303.54054229239114,-1.0,1080.0,677.0844686494723,564.7184514992216,-1.0,1920.0,372.74827586206897,280.1948575249337,-1.0,1080.0,-0.3098135286761,1.4697677307361694,-1.0,3.8791351318359375,-0.20772056293256114,1.5556154321447064,-1.0,3.766799926757813,738220.2686192562,426201.0804900087,16.64100000000326,1476309.179,374.4907178361984,259.4666389011656,-1.0,711.4168701171875,408.4604377793515,242.47004952036022,-1.0,704.6507568359375,0.09696244359978488,0.7562288680819129,-1.0,0.6743174791336058,0.0316091008831264,0.7110023740117791,-1.0,0.6134166717529296,0.07692013766444815,0.6359505523701087,-1.0,0.5139456987380981,0.1294543225946609,0.6668277762651421,-1.0,0.6279247999191284,1.2879282126530842,1.8689498342129987,0.0,4.0,1.0335120492127094,1.7509763973231065,0.0,4.0
22,1675856740.2123015,325.172672939094,1675856177.023403,1675857303.393317,67592.5,39024.40373236556,1,135184,831.9691374463678,487.4456224655133,-1.0,1910.0,467.691352271046,271.31740226947596,-1.0,1080.0,855.765860334369,492.0273551254394,-1.0,1912.0,484.41237609113773,263.56503253817186,-1.0,1080.0,0.219267511685266,1.912290462618899,-1.0,3.9106292724609375,0.26116814633801344,1.9194095024490831,-1.0,3.948928833007813,563217.828284665,325163.0553117604,33.25,1126397.708,579.4551814793094,209.20151592257812,-1.0,723.0054931640625,593.7267425704168,195.99632791416306,-1.0,731.4945068359375,0.39062546247150404,0.499487158148156,-1.0,0.6458310484886169,0.32609986763991516,0.4765312608967005,-1.0,0.5522181987762451,0.28550117727805036,0.4218509655316617,-1.0,0.5002186894416809,0.36135322799130926,0.4467089290237761,-1.0,0.5854259133338928,0.45636928539724814,1.2716981482875065,0.0,4.0,0.38777925728658086,1.1835348068021811,0.0,4.0
23,1679919638.143129,412.30029572098334,1679918924.0258088,1679920351.8296824,85705.5,49481.94915825366,1,171410,633.2676452399566,576.4595799162003,-1.0,1920.0,334.8757628087698,283.91621820042604,-1.0,1080.0,672.3242535267143,559.8882764076196,-1.0,1910.0,382.6820589710979,293.2370796056048,-1.0,1080.0,-0.5340265322764771,1.2357275570806172,-1.0,4.50103759765625,-0.5190383412435355,1.2357048327334914,-1.0,5.019378662109375,714148.9285128058,412290.6872196997,33.346999999994296,1427830.157,418.39787265863094,298.9178923815557,-1.0,702.2810668945312,454.14830987511294,284.2547671119928,-1.0,697.2686157226562,0.05453873768636783,0.7514808014402183,-1.0,0.7130427360534668,-0.012260661398137786,0.7037894650479565,-1.0,0.5147173404693604,0.03313457878203077,0.6449802091360224,-1.0,0.6064918637275695,0.067161609284604,0.6660544175080628,-1.0,0.5294162631034851,1.3467906607703348,1.8903275923393135,0.0,4.0,1.1212676335717535,1.7966213456861646,0.0,4.0
24,1676726179.9420311,340.6072804874153,1676725590.0130136,1676726769.8617485,70802.0,40877.409421341756,1,141603,891.9744136611134,508.9720466818108,-1.0,1919.0,437.6455271576777,239.84919320642084,-1.0,1080.0,799.8245255969322,540.2032362112014,-1.0,1920.0,396.42748889469556,259.3053040418049,-1.0,1080.0,0.4480373493103765,2.157518774070716,-1.0,4.9518585205078125,0.4711681913902359,2.237172329829261,-1.0,4.6402435302734375,589944.6830714977,340597.664093892,16.64900000000489,1179861.644,600.127461723859,222.36940966103515,-1.0,711.6676025390625,545.2403864174066,268.0820364788225,-1.0,709.3568115234375,0.38687177053795135,0.5125524911435928,-1.0,0.6152411103248596,0.36607796312622776,0.5053010514297529,-1.0,0.6063580513000488,0.16202615387896918,0.5698926136388942,-1.0,0.4810062944889068,0.24733962350805472,0.612018183867854,-1.0,0.6023364663124084,0.48062486316993763,1.300581077585097,0.0,4.0,0.7754574537955776,1.5813011135291497,0.0,4.0
25,1676812960.6809623,327.17459151412976,1676812394.0220006,1676813527.32434,68008.0,39264.29276921548,1,136015,819.8505415003199,473.7249115883913,-1.0,1920.0,498.3207681731625,258.3156818645493,-1.0,1080.0,835.2117255222004,494.01649775181784,-1.0,1901.0,475.61814853210404,256.0601102504844,-1.0,1080.0,0.24684953758640873,1.9123981683100324,-1.0,4.4390411376953125,0.32481155952520757,2.020181552314484,-1.0,4.298995971679688,566695.7489428283,327164.97380163043,41.79400000000896,1133332.099,571.2496349822931,188.76498864969284,-1.0,647.5238037109375,568.9798448263936,191.5046752670662,-1.0,647.3855590820312,0.39757980809908805,0.4609626526181512,-1.0,0.5856807231903076,0.3817955625014186,0.4557198751308479,-1.0,0.5449357628822326,0.26419270721811544,0.4247300060701159,-1.0,0.4440361261367797,0.37520169472666526,0.4619753921208266,-1.0,0.5514914989471436,0.3923800280859636,1.189776631832104,0.0,4.0,0.4056142517884583,1.207453852210627,0.0,4.0
26,1678801425.7662919,326.0562360995151,1678800861.026914,1678801990.479787,67780.0,39132.65690783935,1,135559,618.2906864372395,548.0234874411964,-1.0,1915.0,323.59991885212645,275.8827125886226,-1.0,1080.0,618.4119139832541,497.31355346497725,-1.0,1920.0,375.7191988491756,275.2417098589799,-1.0,1080.0,-0.27668666954275506,1.5862794041479302,-1.0,4.9820098876953125,-0.10676350735856467,1.7390254636946412,-1.0,5.194107055664063,564767.5009834385,326046.6188490515,33.29099999999744,1129479.61,415.5800067378886,281.5093982133965,-1.0,708.0088500976562,459.11140840522023,251.27763915629225,-1.0,657.1956787109375,0.0735811826638499,0.7250962381479416,-1.0,0.5972598791122437,0.05132169577879387,0.7101132989557924,-1.0,0.5725156068801879,0.07034323265567383,0.5843976801000236,-1.0,0.4208651185035705,0.17580106287457045,0.6419789982163034,-1.0,0.5708482861518859,1.2528346427649293,1.8552006142589463,0.0,4.0,0.9183283538047287,1.6822625618515035,0.0,4.0
27,1679832282.9085996,330.817563943841,1679831710.0245278,1679832855.8690467,68768.0,39703.07897380252,1,137535,785.6853363968851,490.2426040777772,-1.0,1916.0,431.6296834895405,233.90891430598788,-1.0,1080.0,842.2123084977205,456.4596379470378,-1.0,1913.0,488.512611702089,234.35644594680303,-1.0,1079.0,0.34685793888290556,2.069445616125816,-1.0,4.9173126220703125,0.42951774634612916,2.1187521430452088,-1.0,4.859634399414063,572917.121184962,330807.94841372524,33.304000000003725,1145870.549,506.4038121294408,193.03838462787195,-1.0,680.9300537109375,540.4788669582548,138.28209018670466,-1.0,682.646484375,0.3603334096419538,0.5171171622988678,-1.0,0.6680327057838439,0.3024785831168547,0.49515921741978064,-1.0,0.7256243228912354,0.3073497680426398,0.33345265654579137,-1.0,0.5778888463973999,0.3936473326017062,0.3552765181070513,-1.0,0.7293317914009094,0.5044099148555599,1.3278641187117284,0.0,4.0,0.24334877227679577,0.9561292335484708,0.0,4.0
28,1675511307.844897,388.4616536915442,1675510635.0742564,1675511980.637059,80746.5,46618.869173329374,1,161492,599.9047111859704,597.3864638597275,-1.0,1919.0,292.73098310710395,284.23329831820143,-1.0,1080.0,456.968313435054,552.5295820620019,-1.0,1919.0,237.44410730209057,276.17629409149333,-1.0,1080.0,-0.7489337239879146,0.949584956240866,-1.0,5.6750030517578125,-0.7354664234201818,0.9719916693459799,-1.0,3.8017425537109375,672854.4766711025,388452.0382865106,91.6359999999986,1345642.58,392.56648681086546,323.44490793348206,-1.0,708.4522094726562,329.2322741062214,331.48419415635215,-1.0,715.5035400390625,-0.09232053049126478,0.7458374165016025,-1.0,0.5720560550689697,-0.11982394490059936,0.7232142418564156,-1.0,0.4933889210224151,-0.3169999150724477,0.6855363652703621,-1.0,0.4269755780696868,-0.2713329444762017,0.731338590650796,-1.0,0.4761603474617004,1.6120826315268006,1.962025472106128,0.0,4.0,2.007282274843951,1.999992934472673,0.0,4.0
29,1675341067.7677405,376.921557978316,1675340415.0141027,1675341720.6010745,78351.5,45236.11527861339,1,156702,717.1414887235319,556.800517592293,-1.0,1920.0,411.2527983764949,302.14735627002864,-1.0,1080.0,702.7535514173761,544.9614755780227,-1.0,1919.0,401.21806277042464,281.0044256221036,-1.0,1080.0,0.11752375921741558,1.940070012133073,-1.0,4.5455169677734375,0.022215409544161232,1.8887009110684803,-1.0,4.79998779296875,652769.0034727884,376911.9409545636,16.662000000011176,1305594.424,439.0253174475098,251.53312324815045,-1.0,716.5145263671875,452.05264215036397,248.83633559588398,-1.0,682.627685546875,0.24687061154094855,0.712582298947218,-1.0,0.7072334289550781,0.10530803248665295,0.6315674448172471,-1.0,0.6127067804336547,0.14744875586814624,0.6301593400975602,-1.0,0.5230123996734619,0.12384894031942241,0.6170597755709354,-1.0,0.5988365411758422,0.9843903559713589,1.7229497947977452,0.0,4.0,0.926418971524844,1.6874365015655108,0.0,4.0
30,1676722172.0119581,277.15172226982514,1676721692.027939,1676722652.0272076,57610.0,33261.004670133865,1,115219,905.6595582172461,496.5874824385492,-1.0,1913.0,492.35869461441655,244.5199001978428,-1.0,1080.0,934.1303823286898,484.9791661683386,-1.0,1902.0,502.9234040706505,239.68000813931442,-1.0,1080.0,0.261486367840364,1.9370071469768348,-1.0,4.7674713134765625,0.392218026981189,2.062172617809612,-1.0,5.023208618164063,480019.5328618062,277142.1067698194,41.66300000000047,960030.916,598.3367277001278,175.6629300792663,-1.0,964.1520385742188,607.4704336162326,157.9125767132009,-1.0,969.5278930664062,0.4611176943042308,0.4279869907360229,-1.0,0.6406804323196411,0.4422527301995926,0.42241066105263964,-1.0,0.5818231105804443,0.3593885248065776,0.35250758151062866,-1.0,0.512112021446228,0.4659311632188571,0.38003651395884536,-1.0,0.5816349983215332,0.31596580306383715,1.0789063567970665,0.0,4.0,0.2518769257475155,0.971634659367613,0.0,4.0
31,1677158979.2891202,393.93307155544585,1677158297.0200002,1677159661.4938333,81885.0,47276.182454804875,1,163769,856.9795316459561,498.7076488694003,-1.0,1920.0,474.29991756480325,266.9459315174234,-1.0,1080.0,883.6082435196776,495.70906656968026,-1.0,1918.0,473.556058986963,259.8728555590141,-1.0,1080.0,0.1133914420023309,1.790038115136245,-1.0,4.2349853515625,0.1565877343557687,1.8316540618704984,-1.0,4.2442626953125,682293.3393489941,393923.4550709694,24.99300000000221,1364491.3790000002,560.1276168575863,219.2710671667459,-1.0,691.0391235351562,568.0756858649816,208.14770878895095,-1.0,683.6668090820312,0.34691954037908257,0.5259802499845873,-1.0,0.7168174982070922,0.2935157585259784,0.5050546759335249,-1.0,0.6678802967071533,0.23344431116545075,0.4508999959621992,-1.0,0.5671214461326599,0.3160362316820125,0.4809320853733754,-1.0,0.5775935649871826,0.5288065215400116,1.3548435177850737,0.0,4.0,0.47094311971422465,1.2891839300530505,0.0,4.0
32,1677244074.2888865,364.48567809336566,1677243443.0299966,1677244705.5493183,75772.0,43746.840259230914,1,151543,676.4775932268261,568.6426230196265,-1.0,1920.0,360.4715947709831,289.32686517495597,-1.0,1080.0,735.1966688443239,528.8502693548038,-1.0,1920.0,427.8626228231676,281.26313702669034,-1.0,1080.0,-0.3907189779050213,1.3804871001993335,-1.0,3.728973388671875,-0.10657410995494172,1.6522176715640178,-1.0,3.9149169921875,631293.6782684524,364476.06246398896,41.72299999999814,1262549.107,426.9506888627693,275.8510245260522,-1.0,659.8153686523438,482.2293604291921,236.75359760177255,-1.0,651.4468383789064,0.06100364364435094,0.683754462150144,-1.0,0.598497450351715,0.05241274039627128,0.6780512494479595,-1.0,0.5299776792526245,0.09374774245583851,0.5357253012276598,-1.0,0.4974020421504974,0.2102312118001652,0.5924122364094765,-1.0,0.5332176089286804,1.1730313648631705,1.8210284895106899,0.0,4.0,0.7728703502068774,1.5792939186648793,0.0,4.0
33,1675945791.8000648,334.7419430233149,1675945212.029999,1675946371.5416226,69583.0,40173.619443195144,1,139165,894.723801927264,490.30376645575666,-1.0,1919.0,483.25624276916665,227.5945942282312,-1.0,1080.0,858.5510020767313,490.9370811964959,-1.0,1885.0,473.11473760608214,233.1011749295769,-1.0,1080.0,0.33845861333251287,1.9961547935043273,-1.0,4.4763946533203125,0.23649404844573432,1.8982298596725762,-1.0,4.0955352783203125,579809.0800723119,334732.3266395896,41.46700000000419,1159542.486,578.6722756396762,168.83263179188972,-1.0,646.761474609375,562.5185943802418,182.6203909719774,-1.0,637.7943725585938,0.4353788706848065,0.41830243766660413,-1.0,0.6709423065185546,0.39026114403597156,0.40484290625524455,-1.0,0.5328320264816284,0.28480200569323216,0.41663013516386765,-1.0,0.5445702075958252,0.3611973810158317,0.44102727902907773,-1.0,0.5365702509880065,0.3125300910456234,1.0735239111519042,0.0,4.0,0.3799052895567005,1.1727331375944865,0.0,4.0
34,1677067387.0263076,314.66215163439864,1677066842.031996,1677067931.994315,65407.0,37762.60471904271,1,130813,441.6170829224289,573.1325094160153,-1.0,1920.0,228.96160050149456,285.55978587221836,-1.0,1079.0,431.0534596243378,546.7134805242454,-1.0,1918.0,253.43096423028996,299.0929495875359,-1.0,1080.0,-0.9992876574497902,0.05272997312364235,-1.0,4.09814453125,-0.9988114312135651,0.07310882870522124,-1.0,4.3923187255859375,545029.7269857578,314652.5348708454,41.66300000000047,1089994.469,270.123751932563,302.04411734193593,-1.0,658.3836669921875,280.54536013839464,299.3985538426844,-1.0,656.8848876953125,-0.30943147761940454,0.7692485575364154,-1.0,0.5748026967048645,-0.3267545135198608,0.7499218208008935,-1.0,0.5367177724838256,-0.348178195288012,0.6930756032630758,-1.0,0.4156947135925293,-0.29366929585877055,0.7510055294964803,-1.0,0.5313559174537658,2.2148628916970545,1.988432589755302,0.0,4.0,2.1224839269469227,1.9962535290162187,0.0,4.0
35,1678712356.639532,276.9669630784984,1678711877.0220006,1678712836.303705,57575.5,33241.08608584663,1,115150,828.2398433293384,511.7704067053338,-1.0,1920.0,466.59220467927673,269.9122775228336,-1.0,1080.0,776.5620342869054,519.641546031301,-1.0,1911.0,442.80385771107984,281.7582948326319,-1.0,1080.0,0.203144011667202,1.9560367446057876,-1.0,4.27490234375,0.07771144329786173,1.861702197693507,-1.0,4.2843170166015625,479640.87923788925,276957.3525912281,25.067999999999305,959299.394,543.5651065429594,214.4775510807879,-1.0,662.8948974609375,521.7603721558357,233.5316448463786,-1.0,658.9345092773438,0.38673714676298054,0.546024394323788,-1.0,0.6953250765800476,0.2806809541193431,0.5041912895791869,-1.0,0.5199857950210571,0.2006410679927168,0.5362423179641801,-1.0,0.5362812876701355,0.2355184328413605,0.5517441000439302,-1.0,0.5484318733215332,0.5366751776006115,1.3633402386187474,0.0,4.0,0.6649644798777204,1.4891942183304028,0.0,4.0
36,1676548084.5580263,354.81661015373345,1676547470.031047,1676548699.0763328,73754.5,42582.03609113433,1,147508,903.7114654517843,456.91220870706087,-1.0,1903.0,502.4750989803666,222.77638198447752,-1.0,1078.0,917.8139914849767,461.20470405046314,-1.0,1916.0,499.4448489532487,218.05524688029072,-1.0,1080.0,0.5030855108903098,2.209877161022098,-1.0,5.267120361328125,0.4255915346030804,2.0878758107569877,-1.0,5.273727416992188,614563.528706225,354807.02436078875,41.72899999999208,1229079.92,593.2975005466285,128.23141411573442,-1.0,790.1276245117188,590.1127096081598,128.02200426651348,-1.0,797.0145263671875,0.4842012581066039,0.31788236015218163,-1.0,0.696840226650238,0.3879528442024538,0.29775009154709936,-1.0,0.6620535850524902,0.34117828538856104,0.2885036487557608,-1.0,0.583241581916809,0.39330400501530727,0.2999567549245016,-1.0,0.6630404591560363,0.17512745417073436,0.818440427077829,0.0,4.0,0.17648334960407852,0.8214569985476534,0.0,4.0
37,1676030864.3665895,329.8690906115886,1676030293.0229952,1676031435.5693767,68590.5,39600.59930102069,1,137180,172.2084183822243,438.9511857210643,-1.0,1918.0,65.37271096984895,179.6838179103594,-1.0,1079.0,113.66547355222488,343.48854472866014,-1.0,1920.0,58.17637196010964,185.3595025309878,-1.0,1080.0,-0.9867523046751484,0.24077694989225218,-1.0,3.88671875,-0.94766239467262,0.48414489321915205,-1.0,4.3707122802734375,571367.9433286508,329859.478594101,24.993000000016764,1142567.995,107.2751777639137,247.93652447512423,-1.0,819.3511352539062,86.92888848432725,227.86331192569278,-1.0,820.1202392578125,-0.7526146723404497,0.5654916219225921,-1.0,0.6675881147384644,-0.7434287992274389,0.5868002633711927,-1.0,0.7370611429214478,-0.8183737351194276,0.4698168015306316,-1.0,0.5301169753074646,-0.7917950572768071,0.5388542056498706,-1.0,0.751690685749054,3.357321980521374,1.4689087005564654,0.0,4.0,3.479734064267802,1.3455111655756617,0.0,4.0
38,1676983181.0108304,288.09435292476456,1676982682.0369976,1676983679.9649615,59885.5,34574.76520768676,1,119770,624.5723243658467,587.2211138532964,-1.0,1916.0,378.1607551391881,302.5390972493526,-1.0,1079.0,852.4022427066112,548.8996005361323,-1.0,1918.0,468.9351902877277,255.8246133201731,-1.0,1080.0,-0.8170679673151138,0.7584845282614517,-1.0,3.626861572265625,0.053379227840643424,1.6402875817134672,-1.0,4.4277191162109375,499020.08556354896,288084.73670921975,50.03100000001722,997966.384,375.8300854123121,265.90741220696503,-1.0,607.0167846679688,476.590810720686,196.43043011294273,-1.0,595.184326171875,0.02027857938429803,0.7198107633000015,-1.0,0.5541048645973204,0.006754280052381254,0.7102588507213803,-1.0,0.5204220414161682,0.18443407464702852,0.4867674614782905,-1.0,0.4132134914398193,0.2958898673167264,0.5325457852920726,-1.0,0.5287004113197326,1.329225322712623,1.88416851003557,0.0,4.0,0.5778601606465942,1.4062484805267677,0.0,4.0
