Student_ID,UnixTime_mean,UnixTime_std,UnixTime_min,UnixTime_max,Row_mean,Row_std,Row_min,Row_max,Gaze X_mean,Gaze X_std,Gaze X_min,Gaze X_max,Gaze Y_mean,Gaze Y_std,Gaze Y_min,Gaze Y_max,Interpolated Gaze X_mean,Interpolated Gaze X_std,Interpolated Gaze X_min,Interpolated Gaze X_max,Interpolated Gaze Y_mean,Interpolated Gaze Y_std,Interpolated Gaze Y_min,Interpolated Gaze Y_max,Interpolated Distance_mean,Interpolated Distance_std,Interpolated Distance_min,Interpolated Distance_max,Gaze Velocity_mean,Gaze Velocity_std,Gaze Velocity_min,Gaze Velocity_max,Gaze Acceleration_mean,Gaze Acceleration_std,Gaze Acceleration_min,Gaze Acceleration_max,Fixation Index_mean,Fixation Index_std,Fixation Index_min,Fixation Index_max,Fixation Index by Stimulus_mean,Fixation Index by Stimulus_std,Fixation Index by Stimulus_min,Fixation Index by Stimulus_max,Fixation X_mean,Fixation X_std,Fixation X_min,Fixation X_max,Fixation Y_mean,Fixation Y_std,Fixation Y_min,Fixation Y_max,Fixation Start_mean,Fixation Start_std,Fixation Start_min,Fixation Start_max,Fixation End_mean,Fixation End_std,Fixation End_min,Fixation End_max,Fixation Duration_mean,Fixation Duration_std,Fixation Duration_min,Fixation Duration_max,Fixation Dispersion_mean,Fixation Dispersion_std,Fixation Dispersion_min,Fixation Dispersion_max,Saccade Index_mean,Saccade Index_std,Saccade Index_min,Saccade Index_max,Saccade Index by Stimulus_mean,Saccade Index by Stimulus_std,Saccade Index by Stimulus_min,Saccade Index by Stimulus_max,Saccade Start_mean,Saccade Start_std,Saccade Start_min,Saccade Start_max,Saccade End_mean,Saccade End_std,Saccade End_min,Saccade End_max,Saccade Duration_mean,Saccade Duration_std,Saccade Duration_min,Saccade Duration_max,Saccade Amplitude_mean,Saccade Amplitude_std,Saccade Amplitude_min,Saccade Amplitude_max,Saccade Peak Velocity_mean,Saccade Peak Velocity_std,Saccade Peak Velocity_min,Saccade Peak Velocity_max,Saccade Peak Acceleration_mean,Saccade Peak Acceleration_std,Saccade Peak Acceleration_min,Saccade Peak Acceleration_max,Saccade Peak Deceleration_mean,Saccade Peak Deceleration_std,Saccade Peak Deceleration_min,Saccade Peak Deceleration_max,Saccade Direction_mean,Saccade Direction_std,Saccade Direction_min,Saccade Direction_max
1,1680003517.1742692,214.86609062487312,1680003145.0289032,1680003889.243748,44664.0,25786.628085114193,1,89327,937.4788382391874,401.61784988882516,2.0,1821.0,535.8535191075129,208.46496022758504,1.0,1079.0,937.4534565613292,400.96479222692005,2.0,1793.66666666667,535.8662413859573,208.0946547651688,1.0,1079.0,580.3277920768774,4.649062595669228,532.1796875,601.113494873047,25.36575503265626,54.079946383293766,0.0,964.839544080395,-72.58395150324871,2987.190057353476,-72157.2254948496,41093.4526390186,1037.710848142964,636.8680606329647,1.0,2114.0,1034.8902482244368,635.3051445440755,1.0,2112.0,942.0859607836699,403.78012527848597,124.512820512821,1769.21344209791,531.9371540117918,208.22767595008008,4.99236815720808,1069.11783243774,353536.50510062283,209551.29675627837,28.86725,742961.45005,354102.3278472296,209340.3915022684,328.8433,744527.9338,565.8227466068611,989.5999989522758,65.327099999995,7874.40575,0.23204974069459444,0.08496074491803837,0.0573300317123657,0.797596199040897,1259.1043052837574,701.7245155366306,2.0,2493.0,1258.1043052837574,701.7245155366306,1.0,2492.0,372502.49564599793,196326.58528310488,378.87085,742936.41925,372547.13833353715,196328.0967753826,387.23005,742961.45005,44.642687539139516,19.276508315111347,7.35320000001229,117.190399999963,6.188819547546982,5.531948740641107,0.160358502174569,21.9732251394712,197.73122987310967,149.64101918439871,30.0110384850084,964.839544080395,8083.38203351411,5660.084373786944,1.84354528127916,41093.4526390186,-8671.750754798566,6821.704743703278,-72157.2254948496,-11.508061767309,178.81082780641935,118.7982009549375,0.0,359.944480851182
2,1676984992.2304103,257.05848185089314,1676984547.0160325,1676985437.380375,53435.0,30850.567296242705,1,106869,875.30461071425,433.5608964111991,0.0,1915.0,490.6374757947394,186.8499091232687,0.0,1077.0,875.3045405816994,432.8988528851062,1.0,1901.33333333333,490.65958326609643,186.37731537241578,0.0,1077.0,622.051709103453,9.534675350052735,474.146667480469,650.278656005859,24.996576449431007,49.20600221128668,0.0,743.08905719608,-17.885294013490807,2805.1276946583966,-46022.4382057334,32746.4215532937,1353.6984546342876,789.2023808850613,1.0,2759.0,1353.5967280755729,789.1403651850944,1.0,2758.0,870.2463056114258,436.70243064769613,11.7083333333333,1798.3308697591,486.52499193185304,184.38520310413156,13.3063119591331,1031.625,433202.80349589715,250427.8402372765,304.54495,890331.96075,433606.35023160523,250382.1735254284,562.857,890423.6059,403.546735708082,382.48685701997886,66.1791499999818,2625.30585,0.25496826081675805,0.09251399310628959,0.0440812678938583,0.722717804987213,1665.8008598312783,946.4301494315214,1.0,3301.0,1664.9359130364242,946.3497369088266,1.0,3300.0,450898.3834939407,253014.8612210119,54.5039,889823.65495,450940.5434174115,253015.69453569682,62.8512,889840.32945,42.15992347096061,19.931462292741287,7.3813000000082,116.6823,5.4317404773577875,5.162377187958958,0.0770267085480978,22.3520631082467,178.09142610164474,137.27099864904622,30.0145249117128,743.08905719608,7581.409016821594,5342.2460225359555,31.0373352376793,32746.4215532937,-7857.993682249425,6270.023316924188,-46022.4382057334,-9.48641225253309,190.4464552697768,112.1190738731015,0.0379693645631349,359.915117425784
3,1678717418.9027953,395.4724105587312,1678716734.0130155,1678718103.8632145,82207.0,47462.08924148479,1,164413,1003.2888226480059,421.53434416341037,8.0,1858.0,530.7356608797257,211.39316585406308,0.0,1080.0,1003.2876908853256,420.93996249379825,24.0,1858.0,530.7490108566333,211.0391322064738,0.0,1079.0,619.9222713411928,3.977912046606989,578.902221679688,641.481140136719,23.785755406546986,50.95089216695933,0.0,1106.49404556675,-46.185628195547494,2525.6012739733037,-46748.3561336688,26698.0204199705,1704.8768846295281,1070.7399457009867,1.0,3618.0,1704.5896914335467,1070.5636913999285,1.0,3617.0,1005.1384138971357,425.6217053255098,77.5989936886744,1804.44791666667,528.1165997621989,210.87350717708614,21.5440202470837,1057.42482552336,687331.21789843,392315.7551993666,607.245,1369698.0375,688002.4964211409,391952.2965755329,707.23705,1370114.67855,671.2785227108636,1294.00198430276,66.5348999999696,11074.08165,0.22435298462396583,0.08872404395690028,0.0379397532749523,0.808069637729346,2164.2244723483836,1178.6991442480335,1.0,4156.0,2164.2244723483836,1178.6991442480335,1.0,4156.0,755336.0269252792,374168.9294017767,382.28875,1369656.40195,755385.8201119502,374171.77550879656,398.9301,1369698.0375,49.7931866711185,22.695718999913836,7.82270000001881,125.224050000077,6.852801247969885,5.768076064053072,0.183233990278762,25.8506560036915,192.30339754177143,129.62296182854803,30.0820788693146,1106.49404556675,7368.369825280522,4522.320682501327,20.1734050954395,26698.0204199705,-7609.910522730184,5203.4394223631,-46748.3561336688,-4.4152757577458,172.9755532734516,118.53108084159078,0.0,359.949160812355
4,1676379208.1049006,265.0556628880953,1676378749.030006,1676379667.1583045,55096.5,31809.834768511453,1,110192,918.3002869858637,413.59624671409784,0.0,1918.0,492.8287473455951,205.32672395230895,1.0,1080.0,918.3333949904525,412.20011993644727,0.0,1918.0,492.8677666295893,203.1472412629524,1.0,1080.0,735.2432443069624,12.387726875167472,443.874572753906,813.618286132813,42.20202017151967,51.45516062049502,0.0,737.869551603474,-60.161655323304544,3745.029446283159,-54520.4348048214,68927.5305208536,954.8163415145794,534.1707584698911,1.0,1885.0,954.8163415145794,534.1707584698911,1.0,1885.0,859.4642117348604,414.6823019578794,154.673209759076,1732.72605144378,433.940911710214,168.55609430471222,50.2497509751277,1012.02595860556,502359.1494933148,238491.48239050581,1363.01055,913440.854,502608.9874916299,238492.18566039036,1429.62915,913515.97625,249.83799831524024,198.5461547115353,65.6346500001382,1433.32545,0.3462191328023331,0.09303984854729616,0.0407153215511485,0.896785323276787,4142.8525433251225,2276.2787339463794,1.0,8020.0,4142.8525433251225,2276.2787339463794,1.0,8020.0,480268.37973321887,247773.6007207036,354.7761,917266.78415,480308.01219937333,247775.48811821136,379.77165,917275.13695,39.63246615454419,27.280793752415903,7.21004999999423,174.984750000061,3.381260682948961,3.9594034633284227,0.0313846376324892,17.1912075644225,129.2326608677626,101.18010122560304,30.0062997389664,737.869551603474,6109.727089987369,4651.374312332811,4.27273198214837,68927.5305208536,-6270.0670067839865,5706.125785076826,-54520.4348048214,-0.12701556612938,177.2185384981545,106.81148248368598,0.0,359.947746681598
5,1676462788.3090866,367.96065135233846,1676462151.0248604,1676463425.5541687,76490.0,44161.3777525113,1,152979,920.3910509467278,436.0235141314306,12.0,1920.0,520.6022894861185,212.80210554327593,0.0,1080.0,920.4014537067608,435.5741912779042,12.0,1920.0,520.6404034401951,212.4280313609034,1.0,1080.0,646.5624479078223,16.071034103372213,504.410171508789,685.387512207031,19.9496664316497,42.02592149629199,0.0,917.370524839716,-58.13807725293297,2438.8800721693665,-72785.1178687945,40864.8524278083,1842.5280137088362,1098.2462807541356,1.0,3801.0,1845.861419087137,1095.7629702322436,1.0,3799.0,924.1089039394885,440.45654190612333,60.2328953656746,1877.36671491787,518.4980890012216,211.8571706863102,26.9806462578453,1061.67746113006,626984.6336189432,362803.3978530123,237.577,1274499.7228,627391.8319371617,362770.58027072885,2662.3618,1274807.976,407.1983182184323,346.0114231808328,66.5256000000518,2683.06319999998,0.22245789722471987,0.12021308678158797,0.0421204659073002,0.917365815250369,2133.9498976830155,1200.0870599022762,1.0,4124.0,2132.6539883782357,1199.6592782949406,1.0,4122.0,671473.9119850551,364886.7205634053,179.2425,1274466.3464,671513.9846208661,364888.8020755234,204.24025,1274499.7228,40.07263581094369,18.27260458946242,7.10204999998678,116.566050000023,4.845246705616774,4.546969020307101,0.152831318373231,19.6153795948634,163.2097742633572,119.37447661178582,30.0107519775001,917.370524839716,7098.141050332332,4706.249704882884,4.32304389843722,40864.8524278083,-7265.384845531682,5500.363678743739,-72785.1178687945,-2.89928974729021,188.03269202986854,111.89938450941986,0.0,359.989226066409
6,1679143347.186376,392.25102055716815,1679142668.031996,1679144043.4652796,81513.5,47061.69682979992,1,163026,975.9735169833231,452.38450475555067,0.0,1920.0,572.4734310759444,216.86662630699672,1.0,1080.0,975.9280507080414,449.31451218473,0.0,1920.0,572.5244134889236,212.8152735873463,1.0,1080.0,721.974184091708,19.617222365950738,405.971435546875,788.788940429688,43.889306760593826,54.222565553336565,0.0,1043.24176867588,-92.38964656636806,4746.874853085321,-78908.0473577051,59674.2109251101,771.42673331482,478.0875097765941,1.0,1616.0,771.3311297148682,477.6383338809859,1.0,1615.0,916.8284915548942,441.66594035377614,60.9981222240161,1829.80945952785,500.246420591123,198.36139542389478,71.0386320041728,1064.74688653067,344598.6135706825,286384.81745051476,10.87985,1282996.9812,344845.2440249375,286371.8400772765,352.4469,1283287.86785,246.6304542549936,173.90065927062474,66.0113000000129,1108.49425,0.3559001034314901,0.15166336717671594,0.0280919229016667,1.59414102360304,3767.0480799250704,2266.4869425712786,1.0,7903.0,3767.0480799250704,2266.4869425712786,1.0,7903.0,454502.7970522881,293561.2984504063,352.4469,1282741.8344,454540.299577958,293558.50277873396,419.0533,1282766.9014,37.50252567012958,25.873741883602303,7.19040000002133,175.021700000041,1.9779109496204221,2.385467794723281,0.0,16.0028878986238,118.90157221108484,91.22421609135058,30.0238315673553,1043.24176867588,6591.853225520668,5235.5454547604295,0.101135009693743,59674.2109251101,-6186.126077816174,6746.812719732757,-78908.0473577051,-2.04350311477176,181.679673452029,107.78221462147638,0.0,359.933454409117
7,1675688252.888277,313.45099704286764,1675687710.0279956,1675688795.765865,65155.5,37617.40112634045,1,130310,972.8868592616022,441.75381524788855,20.0,1918.0,555.3970571375659,213.8929012452689,0.0,1080.0,972.8890836511032,441.1106424758561,20.0,1918.0,555.414137850955,213.30364248119025,1.0,1079.0,661.1884865275,5.202314202296802,545.86328125,695.467041015625,26.34996897211728,45.228179262997294,0.0,723.235251950923,-40.733171109234185,2581.178756444665,-50249.3766904441,30294.3881569323,1786.6139542367232,1042.570655564674,1.0,3540.0,1786.5534995977473,1042.537790169604,1.0,3539.0,969.6765251767723,447.6784507031814,49.3493329397301,1885.30211521147,544.5518485360119,209.88994715664845,10.3830980567186,1068.09672560122,556698.2213953065,305482.7447538808,391.38935,1085741.64895,557021.422010538,305467.5016406525,524.73145,1086016.6059,323.2006152316317,376.43514814921235,65.9378000000143,3666.34675,0.25325006798254607,0.10748620424032725,0.0548873409698349,1.10030490880219,2641.2920067141285,1429.1535354340344,1.0,5069.0,2640.4448367677705,1429.0537073297708,1.0,5068.0,554076.9382590959,300148.3733727121,49.7419,1085724.94815,554118.8288659983,300150.51732519595,58.11185,1085741.64895,41.89060690223915,22.71564804292036,7.18385000000126,116.987800000003,4.8396479735611395,4.815285697593286,0.0409066210755444,24.469171694326,147.27202355376394,109.61018418602177,30.0262026868577,723.235251950923,6383.2590376774,4348.617747586287,9.64151143787302,30294.3881569323,-6351.518039452708,4904.8510999788605,-50249.3766904441,-3.0449803892627,176.72849580125904,113.39848629798243,0.0,359.888529752483
8,1675427468.8913286,189.33401341461058,1675427141.0319338,1675427796.7377317,39358.0,22723.207556739577,1,78715,892.9109297765996,376.7154962034998,1.0,1919.0,526.3194030677992,210.44713238822607,0.0,1080.0,892.9165078839092,375.8418403679033,1.0,1919.0,526.3454322493037,209.91178641079443,0.0,1079.0,663.077584632373,7.722719306034557,453.233642578125,1669.19262695313,27.904398328238425,54.074464345316315,0.0,737.601591552376,-37.79988200938683,2793.5616066232537,-42383.8817625094,28692.5385447016,907.9337391918123,616.9513216760965,1.0,2006.0,907.2481674467897,616.5153919257874,1.0,2004.0,889.0991076265964,373.45377806384136,62.7905243264088,1908.67652025019,522.5696926031974,204.62504590362218,17.7162549041429,1057.53125,309959.08076924295,181442.79550734384,8.9523,655604.1893,310588.003126619,180986.47893806515,358.9553,656029.0872,628.9223573760352,1434.899451264841,65.772500000021,9616.1731,0.27818695234577007,0.11453949496041402,0.0547005627094389,0.856851554235944,1382.1004204398448,786.0007402565367,1.0,2744.0,1382.1004204398448,786.0007402565367,1.0,2744.0,352353.28418721707,166337.86161632705,358.9553,655587.6027,352402.4293715394,166338.53406409515,375.7026,655604.1893,49.1451843224454,22.15473605014107,6.69474999999511,141.72795000003,5.73627064061652,4.692425315786243,0.100318469838195,21.5640260379885,171.97826352453671,120.71567213860153,30.0152816835903,737.601591552376,6758.148659164282,4518.5582631889865,21.0287241792293,28692.5385447016,-7055.942767647738,5357.175912174,-42383.8817625094,-3.33919936337316,174.94832925578476,115.82191951294642,0.0,359.963311138731
9,1676375293.0552673,332.60360955767317,1676374717.027004,1676375869.1193695,69137.5,39916.40989826949,1,138274,937.5837964238694,409.29448459781554,0.0,1913.0,532.8939352107491,200.50158839438558,1.0,1079.0,937.5465374095506,408.7381092891103,0.0,1906.0,532.89543070127,200.15103142500027,3.0,1079.0,588.4785912571422,16.845025419319207,547.456176757813,665.915985107422,25.068130377136164,48.207515406940324,0.0,731.988051876692,-51.68329270823731,2540.225480510488,-51687.5773182351,25574.4012465533,1523.4097786991265,908.1840578210715,1.0,3101.0,1521.3377347782132,907.2881211104856,1.0,3099.0,939.7924293093839,411.6165908196887,59.8333333333333,1859.0376344086,532.6095280833431,199.42906350081878,33.9814814814815,1062.86274509804,573635.991981398,327655.98958156275,110.3674,1151333.6555,574070.808836513,327598.2941042549,260.3768,1152183.6042,434.81685511481254,382.7423896492534,66.153149999911,3608.00525,0.24080527287041809,0.07045145290868639,0.0717906998731969,0.653624056457898,1771.7375922953452,987.9983939318709,1.0,3486.0,1769.9649393180505,987.8581182963245,1.0,3484.0,597960.0247526325,319668.34095427743,285.3952,1151233.66305,598008.8962898041,319669.4943164722,293.7145,1151242.0042,48.871537171752195,21.437531991980265,7.32270000001881,116.600349999964,6.569693407471855,5.524658053591786,0.165058413716025,27.2441742435643,187.1372872179543,123.29288980663465,30.0037862896754,731.988051876692,7369.518172811277,4239.587899757987,34.1901512587514,25574.4012465533,-7763.501480220683,5047.858012779696,-51687.5773182351,-8.39852511761964,174.42683960070104,116.33402493240698,0.0,359.960836793855
10,1677153688.0631738,295.05775815162275,1677153177.0280051,1677154199.0627944,61332.5,35410.19104721125,1,122664,924.8526239079408,428.119302282662,1.0,1917.0,559.4694037321286,218.71888776295532,2.0,1080.0,924.7721201130967,427.3461591205562,1.0,1913.0,559.4898155040484,218.2630667177695,2.0,1080.0,635.5415959546187,13.080381902140825,587.270874023438,783.177856445313,23.970108376753117,53.60601276682318,0.0,759.043888149835,-122.50078767256389,3230.951522526504,-47255.2983619171,35638.8039462218,1608.7441561141748,951.6219639371909,1.0,3260.0,1606.8429051542098,950.3791665248617,1.0,3258.0,921.7917150322982,426.5748603642301,11.900687470735,1851.83008764755,557.4871148842806,216.71291829729427,22.3484848484848,1075.59703079096,501137.9337280155,291561.26961406844,21.24795,1021279.97205,501502.7448472302,291562.7984844045,362.9446,1022371.5274,364.8111192147742,265.3570781409118,66.5672499998473,1999.68189999997,0.2207832912237008,0.09344838442605348,0.0565848504351335,0.802652108558216,1815.472450687823,1019.30023497231,2.0,3561.0,1814.472450687823,1019.30023497231,1.0,3560.0,526123.2413479073,285680.0755914929,362.9446,1021254.96935,526163.9361368659,285681.31136764534,387.90995,1021279.97205,40.6947889584404,17.401943797612052,6.92269999999553,116.813699999999,5.4350909062882,4.748712143201127,0.0487809076369366,20.3556491503593,200.02605964485784,152.91883701553905,30.0026551542563,759.043888149835,8472.22728656552,5753.608584916054,41.1891504563601,35638.8039462218,-9664.232871725695,7820.712978702137,-47255.2983619171,-1.44385583343412,178.2665035700359,115.81649483845429,0.0,359.965601897561
11,1676894270.5494912,331.1366272036005,1676893697.0385537,1676894844.0458355,68831.5,39739.74071589631,1,137662,976.2734188299996,409.2201179904221,9.0,1880.5,566.0488601486977,197.06960280863976,1.0,1080.0,976.2234357438265,408.7023658288375,9.0,1879.0,566.0507804165504,196.78245534252653,1.0,1078.0,525.6808642002607,8.565273721732366,462.648345947266,584.096893310547,25.88230300837729,57.607080099980536,0.0,1016.12281764207,-123.41030546559722,3123.824421608361,-73898.1968019392,77450.3104610784,1812.381820979048,1091.1601469316702,1.0,3742.0,1809.281840156396,1089.4716896487707,1.0,3739.0,981.2624484799776,411.5198372727278,56.6312121446232,1865.32047093897,562.9491177645417,194.48227576399015,92.6753940376365,1061.40523970365,566943.4766795998,324442.3220627177,4.66515,1146143.47935,567285.0354151833,324422.5541881059,354.71965,1147268.76385,341.55873558351476,282.7825883535894,60.1392999999225,2274.81334999995,0.19044440580606362,0.06692020496273415,0.0057818381044038,0.588339565320973,2093.8691263487644,1188.400803158261,1.0,4139.0,2093.306294387968,1188.13985122953,1.0,4138.0,604348.2681094988,320753.5864331021,354.71965,1146093.31585,604388.1383455239,320754.5756979511,379.7526,1146118.54745,39.87023602505947,19.64249214901505,6.24060000001919,108.231900000013,5.560289429529408,5.355606318153218,0.0207749316872328,27.3014952255378,194.08491803387838,147.54042807423397,30.0373719289077,1016.12281764207,7584.196782876427,5207.931990259896,8.26765591261658,77450.3104610784,-8352.83047276449,7022.302054398286,-73898.1968019392,-0.341392378683382,187.16494606018256,113.76715004003962,0.0,359.934218422114
12,1675773423.9016979,269.1001164766661,1675772958.0439465,1675773890.001644,55953.0,32304.335274077377,1,111905,914.4438671075421,405.628824332213,4.0,1913.0,546.6923380015311,224.91090458724887,1.0,1080.0,914.4661826783932,405.00254248462716,4.0,1913.0,546.7374626619234,224.52881134672106,1.0,1079.0,538.5453925679126,15.73535636990159,475.654998779297,703.391265869141,26.918721396776156,42.92972260798112,0.0,589.49063911501,-32.72841761435238,2518.2214706134873,-54480.6908067085,25572.289482009,1347.3389219561695,789.1535688238541,1.0,2743.0,1346.195756611351,788.6733017181897,1.0,2741.0,915.4280280926077,407.40405348047113,91.5171339144631,1840.59722222222,551.6586850600104,222.75837391354094,9.77777777777778,1065.64111874776,515470.49112203415,239185.0708622913,9.1878,931893.8874,515756.7206480742,239168.26017727243,325.9371,931977.3121,286.22952604010464,238.9955032929814,65.4452000000747,2508.16675000009,0.287857536645857,0.09502584971680601,0.0736915205366811,0.93145504623709,2330.4765619509453,1254.080391929961,1.0,4416.0,2329.6402867585043,1253.9723789933528,1.0,4415.0,536575.329965486,242540.9253901014,325.9371,931885.6399,536616.1793433903,242545.18478944444,334.19845,931893.8874,40.849377904279535,24.003332522281713,6.70700000005309,133.318100000033,4.462236989659498,5.08457673022088,0.0611023309741717,23.1791059626825,134.97816369651892,108.1585271116236,30.0006732158587,589.49063911501,5823.890868219315,4265.988275596183,44.8337140624782,25572.289482009,-5854.019136394556,4705.111998206624,-54480.6908067085,-5.51268639095896,174.25236738883805,111.14537669056769,0.0,359.954108316171
13,1676638005.4377446,349.5404055863683,1676637400.0331976,1676638610.835919,72657.5,41948.682845829615,1,145314,868.4150605746942,415.4348641103977,2.0,1891.0,548.5966142358149,205.96076375999994,3.0,1076.0,868.3858605591435,414.82552908339784,11.3333333333333,1877.0,548.6120894800425,205.52349469821726,3.0,1076.0,643.0087964670084,5.598922908839282,607.504699707031,672.008911132813,21.174259126296935,47.87129482128709,0.0,806.93236797453,-61.85905675546825,2863.72904588807,-45372.4167200351,26522.620089622,1769.2213894397203,1045.6648787496667,1.0,3530.0,1767.4534030885172,1044.6919598078105,1.0,3528.0,868.660920362036,415.86998830464995,25.7993756804327,1812.57575391897,545.8474701130874,205.0489454675424,18.6189448052355,1042.70238095238,604940.2397289235,351261.54584173154,7.41405,1210118.85275,605452.284165712,351410.2419661879,315.77335,1211143.76685,512.0444367883043,819.2368975273398,66.0997000000207,8124.31434999989,0.21116426168606442,0.1050774874765443,0.0532142082315438,0.896275306626573,1983.9592834998277,1112.6378991360812,1.0,3878.0,1983.9592834998277,1112.6378991360812,1.0,3878.0,617064.5828538167,340329.42369732476,315.77335,1210093.8511,617104.4111515053,340330.82570253994,357.59205,1210118.85275,39.828297688598575,16.445406024834387,7.20279999997001,91.8013999998802,5.224636049120482,4.65217587498843,0.195514730066789,24.2159114477305,185.76652456904117,138.99776039439027,30.0115291610905,806.93236797453,8054.66475432628,5318.3205647668865,9.64929463559036,26522.620089622,-8934.109649074035,6844.854192306942,-45372.4167200351,-0.665275103886944,178.15942669542648,113.40501216840386,0.0,359.856041057928
14,1676809047.9357276,336.5468818275743,1676808465.027,1676809630.7788825,69960.5,40391.56916981562,1,139920,1051.7173801963575,435.4533665536319,1.0,1920.0,430.0589066024681,219.85314887188446,0.0,1080.0,1051.6620801245788,435.40327172696885,1.0,1920.0,430.04487896422944,219.70102247374123,0.0,1080.0,652.2149037085047,18.69010902701853,358.880096435547,722.688842773438,101.03944423300548,97.07949539495405,0.0,621.006730881017,53.611597632270666,7688.2629478334065,-29556.5998244745,38281.1522687198,2.9245283018867925,1.1410025383200648,1.0,4.0,2.9245283018867925,1.1410025383200648,1.0,4.0,645.3879638164616,318.2936181000977,293.395099965511,976.467711229616,471.21780058841193,24.708618604315866,452.014850023377,508.864696585585,660522.5297424529,210602.37222613354,246847.76615,850226.30425,660658.5830018867,210655.30848401473,246914.3155,850426.45295,136.0532594339389,59.8703491023025,66.5493500000448,200.148699999903,0.3180739908455846,0.10655908774052641,0.194216796674693,0.487653696246368,129.6903460837887,74.8919338093064,1.0,256.0,129.6903460837887,74.8919338093064,1.0,256.0,693821.6627346084,276654.1224813994,13086.07565,1164093.306,693852.5191095629,276658.2438297675,13102.79295,1164101.65195,30.856374954466133,26.50933568481821,7.09704999998212,133.2196999999,2.263050971802982,2.382754508780085,0.0,11.3263440432542,170.77178761793684,107.78374701499585,30.3951022953078,621.006730881017,7339.31971961633,6316.7237009664495,2.45517425736145,38281.1522687198,-9525.703206315337,7847.212270230139,-29556.5998244745,-75.0814944617054,143.4764493910052,98.52187782117362,0.0,352.487855896947
15,1679398718.9301481,225.14832923730097,1679398329.0239997,1679399108.8059976,46802.5,27021.291635794663,1,93604,922.8107900943396,419.25283249350423,2.0,1910.0,566.0115111466466,220.7234503967111,8.0,1077.0,922.778791273585,418.52730588438726,2.0,1910.0,566.0231751481515,220.35246648937456,8.0,1077.0,635.9073563174555,15.867917210566857,570.126220703125,766.515991210938,25.63490531915922,52.99051526485782,0.0,655.797878848768,-43.353370796512905,2749.5817537928206,-48635.2538156238,20145.4012725779,1227.6459106215398,707.313551472144,1.0,2438.0,1226.5043958086144,706.0108202151005,1.0,2436.0,924.9618398390966,423.1547889850007,28.9848484848485,1811.4,568.0922539251106,221.64772440017035,82.9777777777778,1045.77124183007,381442.717733315,212610.24112338043,216.7112,779226.74365,381820.044146532,212628.40891615069,725.00215,780051.65155,377.3264132169977,359.8954170121766,65.9561999998987,2741.42795000001,0.18436220940126055,0.07704543083891263,0.0482116934978116,0.670497952358943,1366.878625649221,778.6113338042068,1.0,2720.0,1365.315162656862,778.3528588286978,1.0,2718.0,387179.65951461444,212446.6033450432,158.36595,779201.7466,387227.8370498921,212447.66471089478,175.39575,779226.74365,48.17753527766597,19.112351240190044,7.51729999999952,116.603899999987,6.299620049325615,4.87268042899182,0.188909932639591,22.5376532976374,186.20260080020887,112.31422096468478,30.0294896527398,655.797878848768,7448.930890715163,3803.8320741670304,23.8308329313702,20145.4012725779,-7751.738055178028,4726.998438592293,-48635.2538156238,-6.90322733389355,192.3172552998728,114.60089538480005,0.0,359.946251629732
16,1677840709.4368348,227.14705313239688,1677840316.0244367,1677841102.842831,47216.5,27260.314647242547,1,94432,985.5265162371304,414.2109097164838,15.0,1904.5,576.9391727762566,204.42235473549016,0.0,1079.0,985.4651465714265,413.411253565382,15.0,1897.0,576.9597484762829,203.9970089995156,1.0,1066.0,669.4579968639151,15.097276472163136,579.810668945313,785.341949462891,24.25523899854303,52.03279077839806,0.0,650.884380689521,-115.43165359571805,2907.6586348969486,-47246.872046607,26648.9603945047,1300.3092100907104,804.310634775534,1.0,2713.0,1299.3411195118715,803.0868104264731,1.0,2711.0,986.8233547243892,418.59190926956865,47.7559523809524,1847.80283813307,575.8200779070822,204.19863645081196,21.5606060606061,1040.1875,389085.9019279805,226808.1811749745,11.55625,786349.83655,389460.5226413362,226679.66878583326,578.20675,787033.0676,374.620713355625,623.547479767404,66.5460999999195,6216.22665,0.20361308424517716,0.10555532423123624,0.0476747072483228,0.818720746594428,1590.9841244515358,877.1439140609781,1.0,3097.0,1590.9841244515358,877.1439140609781,1.0,3097.0,415818.48179632635,216546.93371719154,578.20675,786341.4821,415862.45226666535,216547.93055494956,611.49675,786349.83655,43.97047033904966,19.760719853466238,7.0734999999986,133.293050000008,5.412180755811019,4.641752961689206,0.166345416942485,21.4011819303705,182.21201819650324,128.49060447053043,30.0009659223773,650.884380689521,7129.652719936777,4427.765279162689,11.1863620886174,26648.9603945047,-8001.5500157539755,6145.978860028416,-47246.872046607,-1.03787278930499,177.80320398936053,115.52542700207825,0.0539381149327738,359.934519137637
17,1676289478.627988,273.4452337177557,1676289005.0219998,1676289952.230605,56839.5,32816.15628771901,1,113678,956.5776613353086,414.65485711563304,1.0,1902.0,566.9847118275443,214.29197624311436,23.0,1080.0,956.5499468083486,413.80666004792903,1.0,1896.0,566.9754441916215,213.72913417660735,23.0,1080.0,677.014750403805,7.993337028239082,590.048706054688,740.573303222656,27.435522782284213,50.56265455783332,0.0,676.422717463827,-14.372897875134633,2719.749543243464,-41104.1655720552,32483.2160461697,1565.4668336548984,931.4265830057142,1.0,3157.0,1564.3421305344978,930.2827059483209,1.0,3155.0,956.677079544526,416.18159407081504,22.9609549592615,1810.33333333333,565.90088946767,211.70086171369107,50.8680555555556,1066.75925925926,468734.0604624294,273801.70403024094,8.94555,946719.06505,469128.86167069187,273785.964333596,483.92345,947477.31425,394.80120826253227,542.4884361941778,65.7254499999981,4724.65360000001,0.2557691785373122,0.10131842054772543,0.0469445218233392,0.869590723159363,1956.9451269935028,1090.234564123554,1.0,3838.0,1956.9451269935028,1090.234564123554,1.0,3838.0,484954.44864317775,264009.66457782616,483.92345,946685.74635,485003.1795392144,264011.22527837416,500.5783,946719.06505,48.73089603662128,20.98966787861636,7.89485000004061,141.816850000003,5.968152817879419,4.862950394894234,0.129960160227917,20.8907500295354,175.96597460691262,116.70423481203181,30.012464522882,676.422717463827,7101.538991962715,4339.192028428244,14.1372467939403,32483.2160461697,-7377.627643646499,4980.385903903371,-41104.1655720552,-3.01165498127308,189.42637179725978,118.37417821435172,0.0,359.932261178934
18,1677069471.1532052,348.77865398927815,1677068867.0153012,1677070075.2719924,72555.0,41889.50444323733,1,145109,959.9135988104954,447.4920218969951,7.5,1920.0,572.6474685179569,234.8948590554483,3.0,1080.0,959.9133491337707,447.47693560778464,7.5,1920.0,572.6479609222001,234.8880558453187,3.0,1080.0,563.7478177744416,36.18690489195349,411.973388671875,792.204406738281,27.104485583850444,42.90213137441484,0.633758552425585,390.434452566906,56.49737982556996,3227.407126892927,-19170.2277963558,19834.9121471916,7.55663430420712,4.528502411378224,1.0,17.0,7.55663430420712,4.528502411378224,1.0,17.0,1420.7815467693908,518.2755383598944,61.2039287130334,1804.03176435599,819.852983882908,280.75484542975965,276.790426584287,1072.5360708205,348564.918194822,314900.65707223694,96507.22755,1175758.67415,348869.3281435275,314777.5768407573,96632.3565,1175833.6449,304.4099487055078,268.94711797730014,66.649700000009,725.516650000005,0.19729284640904135,0.05905722149194292,0.075709828815134,0.355242052067339,36.983050847457626,20.765678064647254,1.0,74.0,36.983050847457626,20.765678064647254,1.0,74.0,668051.1871995763,341912.31427866896,96300.16495,1179233.3442,668068.619692373,341911.93773719616,96308.6876,1179241.68165,17.43249279659679,8.443145136520275,7.76435000007041,33.341099999845,1.6389972238047257,1.1269031956309106,0.281256860084697,4.32579554455254,110.4054102983054,92.3741637766678,30.1003991742543,390.434452566906,5000.61297739779,5027.217193634291,778.108439955112,19834.9121471916,-5397.126530178572,6213.131126975372,-19170.2277963558,-35.6351167999966,135.32219159978675,115.77619836758299,0.513849716354017,355.236358309274
19,1676466211.9609275,366.02814779079415,1676465578.0150175,1676466845.887683,76085.5,43927.83956862285,1,152170,953.0980321131274,419.73458109606105,0.0,1917.0,534.5503703548272,193.4588750519061,23.0,1080.0,953.1101087852506,418.99187335111225,4.0,1917.0,534.5480575314807,192.99030982857553,23.0,1080.0,656.411016995207,9.404383404045303,611.015319824219,692.484069824219,25.454598864475116,47.69581238847682,0.0,715.398902840661,-14.946598876622637,2484.5389938784538,-48231.1245411406,25256.6698298044,1858.8969675222804,1086.7732735998661,1.0,3822.0,1858.389007136597,1086.4549294794554,1.0,3821.0,949.4029527799845,424.99551927973584,33.2352941176471,1854.39829233791,528.9453476675039,189.45437199561133,97.1333333333333,1075.33423326241,621156.708244437,359056.47676069714,873.58045,1267631.6488,621560.8376362979,359043.29898150713,973.5668,1268181.52585,404.12939186095696,356.7489308343977,66.5020000000077,2883.10674999992,0.23892886912940767,0.09121519226698936,0.0671341827938504,0.677675891876147,2334.663168134344,1323.875067503279,1.0,4675.0,2333.021608889344,1323.6608000560882,1.0,4673.0,647505.3512730083,359775.1567404792,98.7107,1267623.2969,647555.9629882115,359774.7644521897,115.32035,1267631.6488,50.61171520325741,26.03402442322699,7.40265000006184,133.263000000035,6.694771501582115,5.689863580382314,0.125599052307428,22.6554017555329,174.23160037376152,112.423315381324,30.0258667960848,715.398902840661,7320.021432911051,4324.187808540243,40.8534232154589,25256.6698298044,-6900.661189428401,4451.604051755911,-48231.1245411406,-0.187582640339253,183.9532892931557,117.33010210401974,0.0,359.948007473878
20,1675151168.7502952,176.53738240590732,1675150863.015998,1675151474.508068,36698.5,21187.74451579655,1,73396,957.4909337193968,397.812846961299,7.0,1920.0,516.5542468839816,214.42161973141407,0.0,1078.0,957.5202348871431,396.80738910982626,7.0,1917.0,516.5636033641925,213.73231210713658,0.0,1078.0,659.2376887695838,5.32909603295748,562.229675292969,675.595336914063,29.0211743149618,54.25552798091222,0.0,843.963511860452,-62.91941850617661,3315.4472196715387,-68267.3432792691,35247.9508126605,910.8858290201678,549.1078335691985,1.0,1872.0,908.9359931421224,548.7749577188039,1.0,1869.0,954.0848136238956,398.98175377793234,48.2996477937905,1860.94444444444,506.90703073555005,207.57074058297042,11.7907787029974,1016.3137254902,305716.13407576026,172948.48978137365,27.08765,611370.53035,306132.26912703546,172867.14723104975,102.11165,611553.84535,416.135051275209,480.53602294486785,66.2738000000027,2824.70455,0.2507884911595403,0.07509649356989388,0.0702985547596796,0.695546226311702,1293.023645220215,701.8917101294688,1.0,2495.0,1289.5477157360406,701.5521260240344,1.0,2491.0,326808.157544317,169530.44259524043,18.75635,611353.85485,326851.946081028,169532.4073622779,27.08765,611370.53035,43.78853671098017,18.161757306897986,7.62804999999935,100.058950000006,5.608846839925109,4.500877352779402,0.0992353957311813,19.6052636797023,189.67739536583727,132.65177114556485,30.0875944231139,843.963511860452,8279.138076593064,5307.374608101904,24.9970508218789,35247.9508126605,-9023.875777273137,6616.577380641948,-68267.3432792691,-3.08722133930749,183.512018960608,114.09529517818376,0.0419135108213285,359.953830969289
21,1676633608.2204685,426.21069712084653,1676632870.015004,1676634346.312632,88597.5,51151.64613675693,1,177194,933.4729395106402,453.1779733181099,0.0,1920.0,542.1988108265344,199.39171106083512,0.0,1080.0,933.4516443100694,452.3673844880506,0.0,1920.0,542.228619810785,198.27107900399565,0.0,1080.0,552.3561279947972,23.55902011208886,502.458770751953,707.991851806641,40.13533104781655,56.206483314935575,0.0,1006.9395971001,-49.739788328677896,3519.7052229056458,-63958.8838093391,40382.8198379144,1730.7534753897473,1061.1825093127425,1.0,3569.0,1730.7534753897473,1061.1825093127425,1.0,3569.0,916.0551006006112,470.87399699280235,34.2207678644872,1880.92179793708,486.1241233009541,162.05271302007938,18.0413359327326,1057.35063401641,638168.0090462631,408235.12710865156,1420.87885,1475596.94605,638403.7473076003,408235.6636712455,1570.84185,1475671.97535,235.73826133705504,161.31800786747408,65.562249999959,1366.51195000019,0.3164560085409068,0.09312435112136908,0.0376975183518545,1.06475746671928,5203.727977955492,2950.391446895625,1.0,10444.0,5203.727977955492,2950.391446895625,1.0,10444.0,721960.4628775946,382294.549811617,579.32045,1475863.5926,722004.8003847861,382295.176422941,595.99295,1475871.9252,44.33750719142242,29.284856593476892,7.09799999999814,208.332249999978,4.706964595276219,5.477161382525503,0.0188747250631787,25.5727913403949,146.22111866902526,117.5673020822725,30.0068622199446,1006.9395971001,6497.426179921682,4723.71742291208,4.6946924402092,40382.8198379144,-6688.18544024202,5782.756028473462,-63958.8838093391,-0.430077727957664,176.82746198510733,108.28213321262288,0.0,359.954163386168
22,1675856740.2123015,325.172672939094,1675856177.023403,1675857303.393317,67592.5,39024.40373236556,1,135184,944.5138728231474,418.23679833336706,2.0,1912.0,534.4218255237486,221.818036682948,0.0,1080.0,944.4773346735485,417.3823608638327,2.0,1890.83333333333,534.4690881710113,221.26521535493762,0.0,1080.0,655.5789120347747,21.455537565063377,561.077087402344,730.631286621094,29.673700206521808,53.681538161329456,0.0,742.306208000654,-123.74628798285949,3035.7220668004493,-52733.2513938948,30527.0763801521,1875.198840869348,1076.4558237098042,1.0,3744.0,1874.4142033129067,1076.0003256573634,1.0,3743.0,940.7625404404669,420.54240632084185,41.2859478477716,1865.1350792793,534.7626198159265,220.53205233490675,23.6665165769233,1063.9213576356,562251.3310700969,319843.85454890033,340.20125,1126046.3631,562553.2034685016,319841.0357017765,598.5185,1126654.6581,301.872398404698,210.2078941772309,66.3137500000885,1958.141,0.2674444051732994,0.08887130432277969,0.0498500308780269,0.861458853837653,2588.056024991038,1448.5810469244677,1.0,5078.0,2585.453390698627,1448.3375564189726,1.0,5075.0,576411.758661269,323615.2699771229,40.23585,1126021.42565,576455.9156843063,323616.1766019951,48.5898,1126046.3631,44.15702303733298,20.744138333424697,6.76715000008699,133.397950000071,5.526865382208509,4.8662924449694795,0.0778693546221636,21.5976522288176,179.00377929328556,134.1175696844194,30.0073416649925,742.306208000654,6913.0621177295325,4538.417985603397,12.8679067175444,30527.0763801521,-7951.27314347378,6061.23692993047,-52733.2513938948,-0.34548941804284,178.6892763593083,116.48116284875822,0.0,359.95189272372
23,1679919638.143129,412.30029572098334,1679918924.0258088,1679920351.8296824,85705.5,49481.94915825366,1,171410,948.8076806851516,433.59445236993446,0.0,1919.0,532.305915490878,196.65706872852255,0.0,1079.0,948.7897006146907,433.23906138612625,0.0,1919.0,532.316729547675,196.1500987552974,0.0,1078.0,631.8103700798962,11.255315834732283,581.18603515625,699.399047851563,24.89130845777068,38.291967441241745,0.0,1099.7718782436,7.366132349160508,2349.5101931999693,-93265.8867814642,34681.423633945,1532.2143573024211,864.0500126062789,1.0,2967.0,1531.6226385447512,863.159322038685,1.0,2964.0,965.4014070186652,432.1507482171139,19.125,1864.48873389764,482.0526452534548,161.49253630648516,7.86512235608619,1054.86111111111,704967.3885175687,404287.3662923208,40.1071,1427811.9084,705307.3250127508,404300.89894860785,265.01635,1428103.54285,339.9364951820308,263.77669914044446,66.3243500001263,2266.49335,0.2475748243327667,0.07667331807638768,0.030324389768256,0.90113874750929,2682.137687427912,1470.341450690132,1.0,5111.0,2680.1039157712553,1469.7255501106322,1.0,5108.0,681296.8720913458,402291.8803959836,31.7122,1427803.6047,681333.5665034709,402294.9709119313,40.1071,1427811.9084,36.694412125144694,24.76448339717926,6.75955000007525,141.644299999927,3.817426992541142,4.394999880919671,0.0509096051854915,21.5873583277097,123.85293513188996,92.00951405589316,30.0033018036776,1099.7718782436,5290.477057694532,3836.712426955695,5.05435448630279,34681.423633945,-5406.203240777141,4766.998972150568,-93265.8867814642,-1.05079444665203,185.97567901665354,114.02201555332725,0.0,359.806597259404
24,1676726179.9420311,340.6072804874153,1676725590.0130136,1676726769.8617485,70802.0,40877.409421341756,1,141603,1011.8534478857091,408.83639333069567,19.0,1919.0,507.2279847874315,193.03952050174448,0.0,1080.0,1011.7531265557349,408.0788205546927,19.0,1919.0,507.24773496727585,192.25609742184344,0.0,1080.0,679.681050797704,10.925177606518236,445.661987304687,709.667907714844,24.66571510482409,39.25376165704626,0.0,795.821441341394,-57.551181250346595,2692.4574897438183,-66443.043595538,44394.3281992424,1607.8041820831932,937.4606586582212,1.0,3243.0,1606.5513230481533,936.776360784018,1.0,3241.0,1010.116208356546,415.7242151812035,50.4722222222222,1870.22916666667,485.23867537173686,176.00787533273478,8.69284404637737,1059.39583333333,585857.6328610377,341177.16858122434,9.84365,1179471.63855,586459.6580458689,341131.60387250554,268.2068,1180113.1377,602.0251848310737,906.3445808346316,65.8031499999343,6066.15945000015,0.2858670769035356,0.08090426709093738,0.0722020250237481,0.770904580093496,2843.2618551793894,1572.929559773873,1.0,5473.0,2843.2618551793894,1572.929559773873,1.0,5473.0,609786.8258892128,335996.3664510965,268.2068,1179463.2153,609824.0075416077,335998.6368252403,318.19215,1179471.63855,37.18165239483657,20.501084869603044,6.84130000000005,116.849950000062,3.585356267093658,3.8087553037020103,0.0398216965890871,25.7106902166349,137.20632918614055,115.94097688502744,30.0026715411915,795.821441341394,6217.359821426651,4836.634637294107,8.7942288118035,44394.3281992424,-6941.087800314981,6640.707852277085,-66443.043595538,-0.0350410770664778,177.1521816676149,111.65933168885223,0.0,359.983382895039
25,1676812960.6809623,327.17459151412976,1676812394.0220006,1676813527.32434,68008.0,39264.29276921548,1,136015,922.0186936158932,418.54060228461344,26.0,1917.0,545.8088983256099,207.49866648370872,1.0,1080.0,922.0027755239755,418.0466492027778,26.0,1917.0,545.8695310523738,207.13726534255144,1.0,1080.0,633.3805408760303,3.49422173428224,505.407104492188,646.4609375,21.958918572812834,45.65393155253714,0.0,864.085141227349,-62.157173175139924,2428.1711973757115,-68985.5808479334,29020.5764307294,1643.7204553157835,955.8130220686613,1.0,3203.0,1641.7454214869804,955.2923546063611,1.0,3200.0,916.3941532633373,422.3022364446763,100.840200021559,1868.42609834134,543.6424410597473,207.22654831322978,16.8948613142581,1064.95135318621,559173.6918219561,325976.6009327522,6.02145,1133055.0521,559668.99880242,326144.0578977924,122.7818,1133546.43675,495.3069804640719,724.4722105351979,66.4610500000417,6291.14784999995,0.21173732035200066,0.09264084479446462,0.0618522262688994,0.698069562909932,1835.0104433364775,1032.3863995024283,1.0,3660.0,1834.1340206185566,1032.311399808567,1.0,3659.0,552915.6102999325,306859.7575042742,122.7818,1133038.10465,552960.524231084,306860.01832564006,131.1065,1133055.0521,44.91393115146243,19.88480774106391,7.3485,125.054349999991,5.625787112767381,4.868846559104792,0.143160433931806,21.0639503333839,172.26497758628068,117.02094046564426,30.0211446076996,864.085141227349,6985.6315289980685,4078.194171567046,5.8251674508848,29020.5764307294,-7230.957733643865,4968.247228791988,-68985.5808479334,-4.13212178280291,190.27078776112344,110.82273272279708,0.0,359.959820638064
26,1678801425.7662919,326.0562360995151,1678800861.026914,1678801990.479787,67780.0,39132.65690783935,1,135559,852.1862148496407,424.38084041579515,1.0,1915.0,483.0652797193457,202.0242861107993,0.0,1080.0,852.1775185546585,423.5943711808039,4.0,1915.0,483.0621870612922,200.89660268926195,0.0,1080.0,600.5021640755364,9.821964501696595,550.005432128906,708.008850097656,33.08053839469293,45.703330833286486,0.0,920.746274743774,-10.846265660068132,2814.6699623202203,-39175.9085197025,44877.3763319884,1464.7974967528635,860.4520256826604,1.0,2955.0,1464.026766326425,859.7749472572274,1.0,2953.0,844.1095510990182,418.05397011494443,30.1432878776733,1809.69298245614,490.6644964259971,194.2221916607104,52.3645376751599,1016.43914468954,524043.87125753344,340432.176660902,19.59635,1129299.4194,524316.6125251388,340446.54259364377,302.99135,1129682.5441,272.74126760538496,199.70051879298222,65.8001999999997,1508.20144999982,0.3070774380355327,0.08780235365822608,0.0804882294990685,0.787680686240799,3366.0853087229457,1920.951660815085,2.0,6644.0,3365.0853087229457,1920.951660815085,1.0,6643.0,577009.9997321793,332371.6303662884,302.99135,1129257.5956,577054.2700653049,332373.17046225216,336.3955,1129299.4194,44.27033312564374,28.490668754290738,7.26075000001583,166.618950000033,4.550132265700289,5.077543999144574,0.0079004747573307,26.5242738396971,132.5995288619523,98.27664317179737,30.0217195586342,920.746274743774,5889.146827136126,4157.036887406266,1.15013686890749,44877.3763319884,-5705.102054006602,4557.45924828772,-39175.9085197025,-0.183970125935052,183.40750426614582,111.40635610144518,0.0,359.967165745994
27,1679832282.9085996,330.817563943841,1679831710.0245278,1679832855.8690467,68768.0,39703.07897380252,1,137535,902.2081766230569,415.97861368682226,10.0,1913.0,521.9389741496808,202.97799941008864,1.0,1080.0,902.1710994203323,415.4657891020994,12.3333333333333,1913.0,521.9463627053124,202.66321841351345,1.0,1080.0,577.4721370372232,11.443611934451505,485.951049804688,682.646484375,22.77309696314093,47.77595704702381,0.0,569.639751911454,-44.07109470879803,2407.8107537292776,-41956.352315519,29626.0458999463,1621.5001686550206,937.5494978792991,1.0,3207.0,1618.91756536892,936.142037093813,1.0,3205.0,900.2067123765548,419.35961556394517,44.6091954022989,1840.94117647059,520.7987587760463,202.52423932893913,15.1607142857143,1047.58173099469,576257.6849274389,321424.79547692125,12.36085,1144649.7163,576681.8683977285,321460.351120678,295.6675,1146132.89545,424.1834702896421,331.9047076607231,66.5913500000024,2624.97944999998,0.20499318579923287,0.07960293833085968,0.0612747944607766,0.766822201219721,1765.938406479563,970.9516610022697,1.0,3433.0,1765.3817747911826,970.6704929535349,1.0,3432.0,586294.9271130344,312715.5206329917,320.65525,1144633.0189,586344.8997869906,312717.9002311667,354.08415,1144649.7163,49.972673956176244,21.359231509245735,7.52270000003045,116.698149999953,6.6286760735678145,5.474942887529968,0.0777602716713853,24.388386193617,182.796751935168,113.60939538006016,30.0063855519779,569.639751911454,7196.115947927997,3951.035593071261,74.387247000826,29626.0458999463,-7280.892295828107,4553.433401111719,-41956.352315519,-2.70807143028205,182.446708697011,116.09164311340372,0.0,359.987819774947
28,1675511307.844897,388.4616536915442,1675510635.0742564,1675511980.637059,80746.5,46618.869173329374,1,161492,979.1250492372699,430.26335197552214,2.0,1919.0,503.5703317339659,192.63373561327506,1.0,1080.0,979.1590557783667,429.6899655675224,2.0,1919.0,503.5455924548195,191.22396978313122,1.0,1080.0,659.8620211212111,8.751610906572761,391.328460693359,711.977874755859,42.70356752264898,49.276053866154946,0.0,873.071156969429,-10.626058815645008,3914.1260499582277,-57362.4840927522,53425.5464439626,654.1372252687939,376.39729312081766,1.0,1297.0,654.1372252687939,376.39729312081766,1.0,1297.0,836.232324858427,418.3105386465183,78.0532934910537,1857.30197954219,450.7698677743563,147.76176873941196,51.6638475092237,1011.14846662382,769855.1056789196,405215.00390545337,14893.19065,1344445.6181,770057.3265208775,405215.76933839417,14968.27985,1344520.55755,202.2208419577703,128.00553252637332,64.8572999997996,908.364949999996,0.32263979366747536,0.10193590221747542,0.0263210991530724,0.935489764359559,4082.660911907924,2278.536922579336,1.0,7999.0,4082.660911907924,2278.536922579336,1.0,7999.0,756094.3478273351,371841.57796598144,669.57915,1344970.75655,756124.2990594178,371843.18355229177,677.72375,1344979.18745,29.951232082779057,22.180561437500497,6.30309999990277,166.693599999882,2.1742879776577784,3.0857601527290623,0.0026041839670603,18.7790774542393,108.69866921185034,91.61085377175067,30.0002033540762,873.071156969429,5308.7432837069455,4532.873739798543,3.0621080335249,53425.5464439626,-5286.430951503586,5712.034125562243,-57362.4840927522,-3.50432176646715,173.16408085564646,104.71978005926644,0.0,359.677127611
29,1675341067.7677405,376.921557978316,1675340415.0141027,1675341720.6010745,78351.5,45236.11527861339,1,156702,938.8426499868515,426.8702651777425,2.0,1919.0,555.6351927605361,204.26380952145874,2.0,1080.0,938.8208710570144,426.1271318649066,2.0,1919.0,555.6484749225133,203.44069777309042,2.0,1080.0,585.8088995928736,9.016303358994296,502.357940673828,716.514526367188,30.823370452627397,50.70294995438922,0.0,715.887716618957,-98.06907059255818,3040.647737836426,-55730.35775768,43246.5487961118,1725.3055098045309,1038.6611048762318,1.0,3553.0,1725.0972276899488,1038.5370043862633,1.0,3552.0,940.6590143784939,429.4758674543706,62.8063115385042,1874.65651332578,537.1442598529941,192.0269513172178,15.8316216574806,1057.16856148214,662677.5631223329,361583.32201216085,819.53365,1305505.63885,663010.6858568713,361526.38919670274,894.49145,1305930.5497,333.1227345385715,265.2995723608095,66.0745499999903,2274.2937,0.26123304175061274,0.078430927470461,0.0339084248359626,1.01371785964409,3553.374206054607,1910.9511438316035,1.0,6851.0,3553.374206054607,1910.9511438316035,1.0,6851.0,697417.8207528129,362068.06343102024,494.52445,1305463.9277,697462.7275622142,362070.2714901326,519.5313,1305505.63885,44.906809401550134,26.18808633893131,6.67800000007264,158.659800000023,4.959499587543004,5.220668254711985,0.0618536632187096,27.2084067436001,159.0224820897145,121.36151109808453,30.0117643855208,715.887716618957,6692.947105558409,4662.163901424508,8.02115715122254,43246.5487961118,-7391.082299114167,5855.17908532809,-55730.35775768,-0.39628885219735,183.21124124408146,111.593583333117,0.0,359.979775581668
30,1676722172.0119581,277.15172226982514,1676721692.027939,1676722652.0272076,57610.0,33261.004670133865,1,115219,992.6518021331372,434.45927042707206,6.0,1912.0,540.4595901397544,205.22825338216703,1.5,1080.0,992.6693606718156,433.79773508624015,6.0,1912.0,540.4848307459714,204.86108300405735,1.5,1080.0,649.0305451272013,7.458981546734123,561.4189453125,969.312438964844,23.8579367177805,50.52787679145451,0.0,662.354699924633,-40.25534371025151,2542.9408600618785,-50089.8231610617,25655.3016210817,1467.679865959831,845.9479642697028,1.0,2969.0,1467.1383071600255,845.6825888725984,1.0,2968.0,995.3126378876506,438.81333941112973,53.2152112566275,1862.68007907405,539.2715356348717,205.12821128555908,12.6539510836388,1069.39285714286,477492.81275203486,274031.12135840376,88.39975,959427.5629,477849.7268395596,274024.82503186376,329.931,959935.975,356.91408752478276,253.0400360229617,66.3067499999888,2416.31630000006,0.1967229668646829,0.08722908720436556,0.0486146506497928,0.629247588538066,1596.8281117096683,898.8602680834314,1.0,3145.0,1595.0543031334184,898.7232151215155,1.0,3143.0,491863.422660572,274814.9706800475,46.666,959935.975,491912.24184900057,274815.86142109573,55.0201,959944.21655,48.81918842855315,20.8281726547182,7.905449999962,108.199200000032,6.656565550006525,5.484419647461682,0.229557741326559,21.1005727059314,186.81123981228586,117.34234576518264,30.0604662034285,662.354699924633,7731.387369955014,4351.685512455027,5.1561875321707,25655.3016210817,-7338.911552438592,4509.12920215428,-50089.8231610617,-3.67854417372642,190.6401406076837,116.28333575556465,0.0,359.955114948851
31,1677158979.2891202,393.93307155544585,1677158297.0200002,1677159661.4938333,81885.0,47276.182454804875,1,163769,997.1305679400485,398.56053228566043,5.0,1920.0,547.4660745496216,204.6366835980208,0.0,1080.0,997.1286718704122,397.80734014965446,6.0,1920.0,547.4881349899917,204.24104126725564,0.0,1080.0,644.7057991095483,11.20257625669392,515.03173828125,689.541442871094,25.037918923161428,50.75606280151036,0.0,767.435657057936,-129.42874717335187,2993.4642125996506,-55386.6336450607,37418.0978086016,2153.955378277215,1259.064453575691,1.0,4317.0,2151.4638215881605,1257.7767334481061,1.0,4315.0,996.9712460923073,400.45144962876446,32.0642041382756,1882.72535596849,547.9355327909781,203.62980362980085,12.6643947207106,1077.55549322151,664361.4689031629,382264.8929725656,116.5351,1363607.9468,664709.4554201922,382257.4065589298,299.90285,1364657.85055,347.9865170292319,293.4146088593102,66.3792499999981,2899.69299999997,0.22747036474812643,0.08672580577438395,0.0441933463079017,0.682784402687821,2621.2156972598555,1468.7919964273403,1.0,5182.0,2621.01665987365,1468.3017367675868,1.0,5181.0,675432.6293111847,372561.52235815907,66.49115,1363591.28415,675473.7198616024,372561.8515690415,116.5351,1363607.9468,41.09055041764432,18.163344337031994,7.22714999993332,116.711950000026,5.017732474324273,4.5503898805890355,0.179039995490478,25.3200682811254,175.24356230860437,138.39238475068944,30.0045978289506,767.435657057936,6964.051887016094,4728.479619441751,26.7697403581259,37418.0978086016,-8119.549529969061,6920.464667296932,-55386.6336450607,-8.77713906118675,183.47041620081785,115.85963928672558,0.0,359.963794140988
32,1677244074.2888865,364.48567809336566,1677243443.0299966,1677244705.5493183,75772.0,43746.840259230914,1,151543,932.2562665579784,430.6752911521477,0.0,1920.0,537.9038452455919,207.69186538240243,0.0,1080.0,932.2639910018654,430.02386417468915,5.0,1920.0,537.9379447418136,207.1528008369955,0.0,1080.0,600.9124958091786,12.2103391470212,447.897766113281,655.390625,29.651722715019126,49.89153361452451,0.0,983.114394175288,-53.80359838150528,2842.901261868466,-65559.6736542856,28910.6902289445,1712.8230058387112,956.5198657969523,1.0,3374.0,1711.7831625649305,955.9155364533816,1.0,3373.0,918.4974071972523,439.23769543853405,47.3684628211424,1894.67340386206,523.5904958517766,196.9941925686246,9.92592592592593,1073.05928837345,656131.8958097196,324649.99172006955,1799.23265,1262073.53145,656447.6808474263,324662.7920277379,1890.96265,1262840.1242,315.78503770687865,224.94475670701172,66.1762499999895,2149.83455000003,0.264659913564127,0.07370385318489268,0.0558398937475312,0.780821251447386,2775.744580233794,1482.8143704303839,1.0,5401.0,2775.744580233794,1482.8143704303839,1.0,5401.0,650523.0858147317,338842.6984253852,865.9659,1262031.8581,650566.9556302339,338843.5452347823,882.6749,1262073.53145,43.86981550212597,23.84348691196025,6.32290000002831,141.777449999936,5.379725600846883,5.198370064065894,0.109716825157823,24.3977981345679,162.3185452318908,121.7176942486169,30.0029040649466,983.114394175288,6636.636729226231,4425.5973960033,1.79881336563217,28910.6902289445,-7261.586556898418,5639.624073503144,-65559.6736542856,-0.309238939024241,181.47749272943835,111.11263864649771,0.0,359.939593296485
33,1675945791.8000648,334.7419430233149,1675945212.029999,1675946371.5416226,69583.0,40173.619443195144,1,139165,962.4598744512055,429.3956484295455,2.0,1918.0,525.0554115859537,182.67816144616594,0.0,1079.0,962.3955313358496,428.69361571745895,18.3333333333333,1892.5,525.0850744657057,182.16899184192707,0.0,1079.0,624.7719570308269,4.973120709074583,565.269958496094,645.473022460938,26.801439676282428,51.54348552857508,0.0,757.632543918098,-91.24164359083109,3102.470265302666,-57364.4653784979,41119.8489948198,1916.777834553495,1134.4436116800005,1.0,3908.0,1916.777834553495,1134.4436116800005,1.0,3908.0,962.0452044954899,435.5520396516925,51.8421558302583,1845.20045013019,524.9218908381155,182.39987805335267,11.2876201402303,1046.01666666667,568994.0443003683,333133.18785117695,403.23025,1159362.87415,569297.481617763,333112.0640027001,694.8826,1159496.1059,303.4373173947362,208.15147691945023,65.6257000000333,1824.89090000001,0.22506064243974702,0.06735364014225752,0.0473298916400853,0.596295280330829,2362.566875137152,1316.3190703898906,1.0,4638.0,2360.0850526777876,1315.9986962878447,1.0,4635.0,588201.4247687953,334152.2382511048,203.2637,1159496.1059,588243.613448963,334153.66419056826,219.93105,1159512.75605,42.18868016787497,17.97263087846951,7.10865000006743,108.192299999995,5.31945466146683,4.668931146213886,0.0086101162288007,23.8194403100993,182.01844007866106,132.36147550877578,30.0125758635106,757.632543918098,7733.623780742052,4946.880447591563,85.5485283007708,41119.8489948198,-8420.49930441873,6500.991650895016,-57364.4653784979,-6.78819847089129,183.88708057498903,114.4156997954679,0.0,359.946264231921
34,1677067387.0263076,314.66215163439864,1677066842.031996,1677067931.994315,65407.0,37762.60471904271,1,130813,958.3138719492289,433.0480343395701,1.0,1920.0,539.2523233592502,188.55791145288842,1.0,1080.0,958.3183401019426,433.0434149085016,1.0,1920.0,539.2562567082907,188.55680341790904,1.0,1080.0,602.3770308130009,7.982645690054214,457.210296630859,658.383666992188,57.354904057801456,45.438367751996886,1.43615374919501,260.342966213577,5.849471701715456,5121.523454283015,-15608.5568853554,15751.3996438223,,,,,,,,,,,,,,,,,,,,,,,,,,,,,,,,,24.257731958762886,12.155484316516231,1.0,43.0,24.257731958762886,12.155484316516231,1.0,43.0,661964.9510180412,437615.65929778136,61645.62595,1084715.803,661991.5283525772,437620.05948170833,61653.9937,1084724.12745,26.577334536069607,14.316702712699184,8.12715000007302,58.401999999769,1.505644602611634,0.6814393563169794,0.367167321918269,3.06059127243466,103.0899218887559,51.9612540056619,30.6084999440437,260.342966213577,5626.1358068281725,3256.1954342097983,325.17620695063,15751.3996438223,-4825.699559143237,3462.79690390316,-12771.5868615724,-6.95124202324323,161.12354714355874,101.72587905365214,9.3483818876018,353.787618895051
35,1678712356.639532,276.9669630784984,1678711877.0220006,1678712836.303705,57575.5,33241.08608584663,1,115150,946.3124909740341,423.4284470436535,3.0,1909.0,542.3842261789811,216.89156758787672,0.0,1080.0,946.2766984059742,422.52056112740934,3.0,1880.33333333333,542.3883154377969,216.43442635189075,0.0,1078.0,626.9814946324234,7.431421880468183,535.920593261719,662.894897460938,29.476946373859956,59.384381300956846,0.0,729.667774893826,-142.904534673548,3401.7188415331448,-49009.4926452488,81637.9235269681,1559.0492588729046,951.570871726552,1.0,3216.0,1557.8500109294926,950.585780855808,1.0,3213.0,948.1345706976406,426.54153030318224,11.492709311142,1862.91890537625,538.1488386623297,215.28977852872413,17.6949450955818,1057.26883832004,476742.4291313385,268701.795794859,127.7982,959085.5558,477085.4742958323,268584.69465229934,344.4783,959635.5525,343.04516449382396,550.1407693575914,65.9255000000121,5516.1921,0.21180685023309637,0.08138330411877726,0.0593821833741982,0.731488986647811,2007.9663337032925,1129.1429294151785,1.0,3940.0,2006.832767873666,1128.6163805573121,1.0,3938.0,503103.0425516617,260035.3319225814,94.72815,959027.24935,503147.6246468739,260036.27421285523,127.7982,959060.57545,44.58209521211043,18.78507741808105,7.46364999993239,116.590850000037,5.883860401330844,4.8618551640822245,0.0817411592997388,22.10645111603,198.41009257201625,141.4225954313504,30.0277124416478,729.667774893826,8175.939700355522,5350.152041826913,5.83427757858258,81637.9235269681,-8822.447572818728,6489.789249798998,-49009.4926452488,-4.1583146912557,179.4153935818575,115.5528466599745,0.0,359.979843174266
36,1676548084.5580263,354.81661015373345,1676547470.031047,1676548699.0763328,73754.5,42582.03609113433,1,147508,952.8736617001649,424.228784445529,6.0,1916.0,525.3143891643556,194.8207474770155,0.0,1080.0,952.8484180340854,423.6437088689805,6.0,1915.0,525.3230406850248,194.47936411158977,0.0,1080.0,619.0041400796126,16.69715602047034,573.404876708984,792.642608642578,22.878472912233743,48.72772178010436,0.0,863.844695065377,-35.27151127032427,2485.242596644232,-51634.5156217747,27613.504554583,1858.8736074986505,1108.2124203346789,1.0,3826.0,1856.708345296593,1105.2081912190179,1.0,3818.0,955.6372192270427,428.90759249097334,31.0563898121417,1881.252654982,525.6197017589681,194.8549529176212,6.52113167985615,1069.16252779466,607158.4158110236,351633.5193936809,7.10275,1228903.82325,607540.303941598,351615.824462388,515.31005,1229428.58965,381.8881305745045,287.2122032382171,66.32574999996,2058.05610000002,0.19466488839070817,0.10408221054200238,0.0348600135874219,1.01524223544004,2115.200263643554,1170.5066384817007,1.0,4124.0,2111.540910050676,1169.0409178455832,1.0,4118.0,641726.4573828394,345471.6072441092,515.31005,1228878.35325,641776.329941284,345472.82872867514,540.3314,1228903.82325,49.872558444503824,22.631163240684796,6.16670000000158,141.632299999939,6.575159221076915,5.566874579364485,0.0489844705292117,26.0379062620304,181.04671644882336,115.73873112042617,30.0089643180995,863.844695065377,7400.578320495516,4185.597085441635,20.9377913735566,27613.504554583,-7179.718564781366,4664.0690822473525,-51634.5156217747,-3.13361488696513,187.53612814715174,115.77864671946057,0.0,359.919273347517
37,1676030864.3665895,329.8690906115886,1676030293.0229952,1676031435.5693767,68590.5,39600.59930102069,1,137180,1005.7928467196759,473.0732656644767,1.0,1920.0,474.0380214391248,245.694473084898,1.0,1080.0,1005.7677764872889,472.9168765798247,1.0,1920.0,473.982705143923,245.26552226959276,1.0,1080.0,676.869442482072,37.845941959878616,400.759490966797,820.120239257813,85.14191616580038,101.54272662059779,0.0,1153.88796067849,-61.530726854482914,10921.11361386062,-96818.8755134661,69602.0615387868,2.627906976744186,1.091596816681077,1.0,4.0,2.627906976744186,1.091596816681077,1.0,4.0,1289.4824938790834,158.53045696456977,1135.05466392238,1509.95494786052,830.2391952153768,296.3514212463579,362.766262765747,1042.36915558772,775269.0158139535,191043.55403005294,570122.1079,951735.12525,775360.7374523256,191048.43297938025,570188.8526,951835.10715,91.7216383721192,12.551469419549266,66.7447000000393,99.9819000000134,0.20847431556896856,0.051983224721348524,0.149918229901345,0.280434548126596,102.21897810218978,61.50051143889667,1.0,219.0,102.21897810218978,61.50051143889667,1.0,219.0,677550.840587348,261792.97827507893,37610.6202,1131189.4987,677575.1470464721,261788.51995277297,37618.93485,1131197.78545,24.306459124078835,18.20533880489216,7.98500000010245,91.6391000000294,1.6501601059463058,1.5935833092220284,0.0763167413602335,9.22553344106756,149.75397751780298,128.07779783140228,30.0731050993238,1153.88796067849,7609.714817746178,9756.879565211177,29.2579929800053,69602.0615387868,-9381.703440386222,12044.277099044975,-96818.8755134661,-1.12851140984573,195.52378301008295,107.78088462578155,0.293821934650687,352.292514277035
38,1676983181.0108304,288.09435292476456,1676982682.0369976,1676983679.9649615,59885.5,34574.76520768676,1,119770,981.1186209478977,461.59489798496,0.0,1917.0,552.1033418931451,176.66836606995093,1.0,1080.0,981.114131985307,460.6673126052389,0.0,1914.0,552.1130296383479,175.90964660526876,12.0,1080.0,559.7904857889838,8.065227775582757,463.096343994141,605.577392578125,29.17157362364662,61.34198675237507,0.0,884.665570702455,-49.34701326959266,3637.50482502959,-64707.0687309121,51018.3636490464,1523.680565417345,836.9047188374989,1.0,2918.0,1523.2742862763957,836.3850127938698,1.0,2916.0,995.5808504582334,462.36757574237197,87.727673077776,1883.17963545243,549.0056551944433,172.11000395679682,79.0357142857143,1046.16666666667,508555.46691685985,277811.832951847,19.9112,997894.729,508984.42691021215,277859.50997928984,395.244,998086.3167,428.95999335230516,423.18950708887525,66.3708999999944,3108.1531,0.2416246761815465,0.07638728183228267,0.0327787893989188,0.677896475153143,2117.273490044616,1117.2337288290516,2.0,4016.0,2116.273490044616,1117.2337288290516,1.0,4015.0,488371.0418837784,280252.44690499647,761.53875,997861.30685,488415.06293806696,280255.2835390322,769.8468,997869.64905,44.02105428847331,21.934433836684157,7.0827999999965,133.273399999831,6.479508747229376,6.248541111954862,0.09850155278256,28.1972776258539,212.6369022201852,167.46360811986204,30.0206587794142,884.665570702455,9655.703377809616,7196.685648618484,7.92294556565854,51018.3636490464,-10089.128084392752,8262.964878446728,-64707.0687309121,-0.38090949137363,185.42183814310218,114.7476001390088,0.0,359.946997443877
